timestamp,kube_deployment_status_replicas,nginx_ingress_controller_requests,nginx_ingress_controller_request_size,nginx_ingress_controller_nginx_process_connections,container_memory_usage_bytes,container_cpu_usage_seconds_total
2024-05-05 12:00:00,9,813,3564,74,9533724,0.8659344327601295
2024-05-05 12:30:00,9,850,831,86,6962444,0.5414899421916156
2024-05-05 13:00:00,10,497,4567,50,1940639,2.815546612599059
2024-05-05 13:30:00,10,624,4973,74,9984502,1.6655119875390834
2024-05-05 14:00:00,10,769,2824,41,4265162,2.61707716097813
2024-05-05 14:30:00,10,690,1117,70,3861788,2.980758503032544
2024-05-05 15:00:00,10,460,3938,38,2067056,3.070342111285376
2024-05-05 15:30:00,10,177,3508,67,6185386,4.70974951279981
2024-05-05 16:00:00,10,749,1379,93,3590411,1.2497811765315217
2024-05-05 16:30:00,10,800,3905,53,7651379,4.500617936826811
2024-05-05 17:00:00,10,688,1405,78,4976315,0.3514124429822575
2024-05-05 17:30:00,10,329,3294,91,6003372,0.24887591165068182
2024-05-05 18:00:00,10,769,3710,36,5061667,0.6329635417570274
2024-05-05 18:30:00,10,209,4965,99,3035192,3.25407682071419
2024-05-05 19:00:00,10,175,1115,92,8900855,2.698438235546187
2024-05-05 19:30:00,10,592,3094,61,6067178,0.8944035972247348
2024-05-05 20:00:00,10,981,1824,94,8223032,0.8247342423642003
2024-05-05 20:30:00,10,927,1118,57,2388075,2.694203611274211
2024-05-05 21:00:00,10,755,2492,67,5994376,4.7991289039448946
2024-05-05 21:30:00,10,538,2687,51,5559766,0.9953770290934356
2024-05-05 22:00:00,9,772,3470,81,8200680,1.3697346001029789
2024-05-05 22:30:00,10,592,978,38,7836515,0.6908581325214247
2024-05-05 23:00:00,10,354,4510,42,8420404,3.013549033990469
2024-05-05 23:30:00,8,820,1353,22,2709492,4.641169520310409
2024-05-06 00:00:00,7,471,2293,98,3552031,1.2662741928460426
2024-05-06 00:30:00,3,720,2030,81,6270270,2.4148641895885374
2024-05-06 01:00:00,4,214,1456,83,6926308,4.547311336950662
2024-05-06 01:30:00,3,469,1094,70,5518418,3.57058738881608
2024-05-06 02:00:00,4,111,4048,49,1564621,2.6886046509760853
2024-05-06 02:30:00,3,371,4479,55,9706358,3.2326031634204555
2024-05-06 03:00:00,2,381,1115,43,5695737,3.6811138941481722
2024-05-06 03:30:00,1,889,1548,70,6260335,3.669544415213396
2024-05-06 04:00:00,0,250,3342,44,3599659,2.476387830902588
2024-05-06 04:30:00,0,862,4392,76,2874162,1.4792323696348983
2024-05-06 05:00:00,0,959,3679,39,9280021,1.1102555051968468
2024-05-06 05:30:00,0,208,3114,49,2230528,4.601208000581236
2024-05-06 06:00:00,1,556,3017,73,3845306,0.38540881200486166
2024-05-06 06:30:00,1,959,3729,32,4051261,1.7516583880581336
2024-05-06 07:00:00,0,576,4469,63,9780193,3.4812456750353054
2024-05-06 07:30:00,0,843,1730,74,7291683,3.0403382337882507
2024-05-06 08:00:00,0,719,2804,36,9678235,2.222771140703111
2024-05-06 08:30:00,0,203,3075,78,6446115,0.6107410427386857
2024-05-06 09:00:00,0,199,3989,53,2900184,0.7836874511694685
2024-05-06 09:30:00,4,514,1172,57,6328507,3.5129620763131513
2024-05-06 10:00:00,2,856,1265,19,2325065,2.4701134108998652
2024-05-06 10:30:00,3,858,697,80,2296987,1.7637985816604087
2024-05-06 11:00:00,2,493,2450,39,3672141,1.9364883023049444
2024-05-06 11:30:00,5,986,3677,15,1279716,2.2005613059834523
2024-05-06 12:00:00,3,920,2022,11,2576234,3.446977432590481
2024-05-06 12:30:00,5,399,4969,96,8131952,3.044644168671586
2024-05-06 13:00:00,5,949,3474,36,6498163,0.44536659953927893
2024-05-06 13:30:00,7,500,1554,15,2635292,0.8716415094792942
2024-05-06 14:00:00,7,164,4193,26,9080880,0.44572286591949617
2024-05-06 14:30:00,7,894,4041,36,5958367,0.2694916161959073
2024-05-06 15:00:00,9,235,3836,54,5973216,3.9024240979306986
2024-05-06 15:30:00,9,538,3821,36,9200605,4.26969864754863
2024-05-06 16:00:00,9,950,4968,88,7510336,2.1392713779079706
2024-05-06 16:30:00,10,431,3151,98,1670659,4.847319844159699
2024-05-06 17:00:00,9,413,3748,18,6454963,4.331628740958022
2024-05-06 17:30:00,10,798,2062,29,7887959,4.31588671498789
2024-05-06 18:00:00,9,369,2003,69,7106166,1.8992035596713908
2024-05-06 18:30:00,10,332,3970,85,8916864,4.776301099211313
2024-05-06 19:00:00,9,886,3335,56,2982692,3.769756243605933
2024-05-06 19:30:00,8,245,3611,31,5867096,1.8330929026278502
2024-05-06 20:00:00,10,270,4417,76,7283204,4.455281180330307
2024-05-06 20:30:00,9,400,540,71,9440873,0.12015026982913138
2024-05-06 21:00:00,7,326,3701,67,7275362,2.9007961020460273
2024-05-06 21:30:00,9,815,1357,36,8952520,2.648846685710743
2024-05-06 22:00:00,7,955,1298,63,4128227,0.5007707085982833
2024-05-06 22:30:00,7,938,1949,78,6624452,4.325546798563165
2024-05-06 23:00:00,7,306,3396,32,9149412,1.4803847213012509
2024-05-06 23:30:00,6,658,1904,92,9288024,1.9441153893199385
2024-05-07 00:00:00,6,666,3378,48,5466607,2.4282517307041047
2024-05-07 00:30:00,3,790,4415,75,2718704,4.102980669314754
2024-05-07 01:00:00,4,143,4041,14,2949996,3.015196350787499
2024-05-07 01:30:00,2,677,4556,29,1407523,2.8633902972845386
2024-05-07 02:00:00,2,457,1817,17,7476600,1.8756501220353872
2024-05-07 02:30:00,1,362,4248,98,2176291,1.4704548917794265
2024-05-07 03:00:00,1,221,1172,67,2380527,2.442789136492171
2024-05-07 03:30:00,1,275,1253,86,3352488,1.3530943069547705
2024-05-07 04:00:00,0,272,1267,79,8714649,1.7636060472009825
2024-05-07 04:30:00,1,877,3460,54,2337161,2.257844041239451
2024-05-07 05:00:00,1,615,3991,23,8655513,4.233154235528789
2024-05-07 05:30:00,0,493,4983,48,9629997,4.65950202205804
2024-05-07 06:00:00,1,223,921,89,5952606,4.165732710824327
2024-05-07 06:30:00,2,856,3996,10,9277551,2.675928602976222
2024-05-07 07:00:00,1,607,4055,61,3973140,3.58663054114195
2024-05-07 07:30:00,0,134,1634,78,7854965,1.7425221851323651
2024-05-07 08:00:00,0,578,4082,55,6406455,2.3500649205159827
2024-05-07 08:30:00,2,613,2459,32,1785830,4.7083993161013025
2024-05-07 09:00:00,1,394,3316,40,9499393,1.8392426519750862
2024-05-07 09:30:00,3,306,2379,42,7972909,0.9476298185611572
2024-05-07 10:00:00,3,962,1211,55,1177822,2.4132608793880928
2024-05-07 10:30:00,4,534,2223,13,1748329,3.297698932078782
2024-05-07 11:00:00,4,241,3893,70,6726196,0.7199198730616296
2024-05-07 11:30:00,5,954,982,45,3799781,0.698296951495792
2024-05-07 12:00:00,5,146,4165,29,4649025,1.5881049656030604
2024-05-07 12:30:00,7,955,1163,27,3339518,4.547480596851835
2024-05-07 13:00:00,6,905,3479,13,9601155,3.4055588698655175
2024-05-07 13:30:00,7,961,1429,70,4413655,1.1874773662625393
2024-05-07 14:00:00,9,849,1402,82,2556817,3.057089047047402
2024-05-07 14:30:00,7,846,2572,75,3810415,3.335175185678369
2024-05-07 15:00:00,7,446,858,25,9152061,2.6629679315484402
2024-05-07 15:30:00,10,182,1164,18,8546295,3.820974056632911
2024-05-07 16:00:00,8,618,2257,62,7330758,0.2212210444298689
2024-05-07 16:30:00,10,686,2041,32,8789894,1.0364744128093724
2024-05-07 17:00:00,9,527,3492,20,1772117,4.835221547683084
2024-05-07 17:30:00,9,613,3469,54,5852131,2.5389260086084775
2024-05-07 18:00:00,10,557,2754,22,7763684,0.47492251212829284
2024-05-07 18:30:00,10,574,3645,13,9766478,1.6100804820681744
2024-05-07 19:00:00,10,276,4067,32,9233509,0.1086846922496928
2024-05-07 19:30:00,10,947,528,22,9693700,2.93912978523951
2024-05-07 20:00:00,8,501,1923,35,4191071,4.997443425487884
2024-05-07 20:30:00,10,375,3608,63,6927496,2.9914875378532497
2024-05-07 21:00:00,8,354,1147,50,1823715,3.08935735119078
2024-05-07 21:30:00,9,247,4637,51,8602503,1.7058604023675867
2024-05-07 22:00:00,8,933,3344,10,1290903,1.2614594734537683
2024-05-07 22:30:00,7,511,4978,65,9374200,2.589967202996585
2024-05-07 23:00:00,7,840,682,69,4154795,4.508952218189213
2024-05-07 23:30:00,7,365,2344,62,9332753,0.14778041016203455
2024-05-08 00:00:00,5,845,1939,37,7050664,2.891289126985053
2024-05-08 00:30:00,3,113,4682,50,4380092,2.199704249224561
2024-05-08 01:00:00,4,537,3595,95,1114587,3.143778599370554
2024-05-08 01:30:00,4,426,3124,31,7311908,4.215794328419274
2024-05-08 02:00:00,2,878,4485,80,4693777,2.3003151718704298
2024-05-08 02:30:00,2,221,2616,86,1243361,1.1666456299414578
2024-05-08 03:00:00,1,399,3775,17,1431016,1.9453742359626882
2024-05-08 03:30:00,3,713,4470,13,6495149,0.8377017210891333
2024-05-08 04:00:00,1,489,4078,84,3261279,0.5160061496331106
2024-05-08 04:30:00,1,268,3995,37,4608808,1.9417941120755013
2024-05-08 05:00:00,0,344,1010,67,8301895,3.1659228930961962
2024-05-08 05:30:00,1,883,2139,98,5016325,1.387893146828997
2024-05-08 06:00:00,0,114,1771,59,7912143,4.586852381399052
2024-05-08 06:30:00,0,569,4724,56,2749613,3.4758613673197085
2024-05-08 07:00:00,0,100,4000,83,6074666,3.462935920199307
2024-05-08 07:30:00,1,391,1885,46,9832289,3.4893823577575263
2024-05-08 08:00:00,1,709,3257,18,1088608,0.10825404131936836
2024-05-08 08:30:00,1,498,4061,19,2115950,4.083733091737915
2024-05-08 09:00:00,2,874,2584,11,4240248,4.596282276922563
2024-05-08 09:30:00,1,700,1912,48,6523487,0.195050120306833
2024-05-08 10:00:00,1,602,2287,30,5081232,3.0316405528876644
2024-05-08 10:30:00,4,103,1509,55,1995491,3.4152212736246454
2024-05-08 11:00:00,4,424,4817,99,9622515,1.0615886466517725
2024-05-08 11:30:00,5,201,4786,54,5995946,4.207235188696525
2024-05-08 12:00:00,7,588,3007,99,2997370,3.1665739300165328
2024-05-08 12:30:00,7,963,2334,79,3376150,1.202769859314571
2024-05-08 13:00:00,5,726,2708,74,9565293,4.839231571916011
2024-05-08 13:30:00,8,679,1397,68,2569526,1.1577415609026989
2024-05-08 14:00:00,6,902,1699,80,9116089,3.425080253972639
2024-05-08 14:30:00,8,525,4246,80,4412432,2.4220599164136245
2024-05-08 15:00:00,8,881,3870,27,8022503,3.6440956305397822
2024-05-08 15:30:00,10,995,4960,21,4202658,0.5790197072106198
2024-05-08 16:00:00,9,213,926,27,2292458,4.767471752113436
2024-05-08 16:30:00,9,501,4336,47,3509622,1.1019962509587664
2024-05-08 17:00:00,10,462,4130,67,1783969,1.1798813022600885
2024-05-08 17:30:00,9,780,1499,83,3418161,2.814739823911946
2024-05-08 18:00:00,10,593,4302,22,8283679,1.8136929907622679
2024-05-08 18:30:00,9,906,2141,27,7642005,2.2664354596909764
2024-05-08 19:00:00,9,654,2076,46,5136064,0.2817826329785541
2024-05-08 19:30:00,9,423,3168,42,6962262,1.2509337814830748
2024-05-08 20:00:00,9,383,4964,13,1858961,3.890312272035246
2024-05-08 20:30:00,10,755,3999,86,7934464,4.520854254724784
2024-05-08 21:00:00,9,854,3408,47,8062821,1.2440394703979731
2024-05-08 21:30:00,8,584,1568,81,9572540,3.8894100986026996
2024-05-08 22:00:00,6,846,3441,71,2356278,0.24183879608913894
2024-05-08 22:30:00,8,715,4106,15,6984688,0.31914897227939965
2024-05-08 23:00:00,5,790,3783,27,3452385,2.0257451700940585
2024-05-08 23:30:00,4,144,4905,28,6008631,0.8247646140997884
2024-05-09 00:00:00,6,440,1001,28,9163413,0.9140789863540753
2024-05-09 00:30:00,5,664,3890,91,8154789,3.174245421602328
2024-05-09 01:00:00,5,815,1224,43,1091744,4.305004917471879
2024-05-09 01:30:00,3,272,4092,20,1940570,3.916939484687953
2024-05-09 02:00:00,3,181,1309,59,9404741,1.7488196609513764
2024-05-09 02:30:00,1,745,1698,19,2328043,4.388558238414703
2024-05-09 03:00:00,0,695,3263,36,7863766,4.222595009793823
2024-05-09 03:30:00,2,811,3825,14,1648085,2.6686373144367606
2024-05-09 04:00:00,0,355,1212,99,6682495,2.4317927070586363
2024-05-09 04:30:00,0,936,1835,81,7498191,0.38646585141992174
2024-05-09 05:00:00,0,707,2280,27,6494689,0.8375728413164999
2024-05-09 05:30:00,0,449,803,27,8656645,0.5185246776884098
2024-05-09 06:00:00,0,206,3067,82,1133716,2.681185260160709
2024-05-09 06:30:00,0,854,748,68,7741054,3.4155286315380686
2024-05-09 07:00:00,0,703,4908,97,6885686,3.132031851189562
2024-05-09 07:30:00,0,260,4681,65,6982227,4.37713769379093
2024-05-09 08:00:00,1,591,1610,44,1735907,3.32764177929692
2024-05-09 08:30:00,0,310,519,78,5752915,4.1655676859763
2024-05-09 09:00:00,0,513,4255,12,1422649,0.788083404411099
2024-05-09 09:30:00,2,464,4079,35,5900475,0.9410755655998708
2024-05-09 10:00:00,2,749,4953,80,6537310,4.60022016081851
2024-05-09 10:30:00,5,154,1866,20,1009719,1.838052941698651
2024-05-09 11:00:00,2,125,2909,29,1097484,1.1632939570541465
2024-05-09 11:30:00,5,261,2280,55,7799219,4.569139252927981
2024-05-09 12:00:00,5,629,4663,89,6191923,4.853512169505277
2024-05-09 12:30:00,4,597,3465,94,6482175,3.2250712647389284
2024-05-09 13:00:00,7,531,1733,63,9569881,2.002859145445864
2024-05-09 13:30:00,7,628,4323,89,8511569,3.4730902014532465
2024-05-09 14:00:00,8,661,3023,64,5019190,0.17623359682376993
2024-05-09 14:30:00,9,162,3221,45,8581465,0.8090902052306401
2024-05-09 15:00:00,10,939,3996,57,6605375,1.9067007761750512
2024-05-09 15:30:00,10,962,3309,81,8362472,4.177900056925061
2024-05-09 16:00:00,9,186,2207,70,2374491,1.59114794122072
2024-05-09 16:30:00,9,607,2599,46,4046666,0.3835722695694912
2024-05-09 17:00:00,10,265,3545,38,7171912,1.9558028393360314
2024-05-09 17:30:00,10,365,966,54,9906456,1.2821453471609119
2024-05-09 18:00:00,10,752,2986,56,2388180,0.37469369654669105
2024-05-09 18:30:00,8,188,2499,19,2609423,2.0547288619815363
2024-05-09 19:00:00,10,481,4336,97,6935326,1.821964820506498
2024-05-09 19:30:00,9,473,4903,45,9738649,3.6958159066021326
2024-05-09 20:00:00,10,506,2977,28,3107876,0.4097036239628882
2024-05-09 20:30:00,9,284,1756,88,1127544,1.9573667864971644
2024-05-09 21:00:00,9,690,3921,30,6852926,1.777924261791769
2024-05-09 21:30:00,8,657,632,46,6099145,3.269425472178298
2024-05-09 22:00:00,8,901,3244,82,1600942,4.4508117781120795
2024-05-09 22:30:00,6,802,990,23,9556707,0.80064997162554
2024-05-09 23:00:00,5,616,1284,31,8100873,4.099643381859136
2024-05-09 23:30:00,5,937,1577,69,1442128,3.087644673481205
2024-05-10 00:00:00,5,737,2505,71,6411368,0.24328920066848378
2024-05-10 00:30:00,5,176,1206,42,1489825,3.857754527914594
2024-05-10 01:00:00,6,781,4577,40,1061877,2.734671361866237
2024-05-10 01:30:00,3,496,1452,83,5966507,4.019651240442611
2024-05-10 02:00:00,2,868,1249,71,5373395,2.1034533610602875
2024-05-10 02:30:00,2,809,1539,38,7729594,3.3609636895614527
2024-05-10 03:00:00,1,250,3925,66,5086412,1.074140606389139
2024-05-10 03:30:00,2,845,3916,33,6367849,1.040038416265145
2024-05-10 04:00:00,0,453,2908,66,3087237,1.7672857998155145
2024-05-10 04:30:00,0,789,2951,76,7278049,2.645258481005803
2024-05-10 05:00:00,0,727,1152,30,1028195,3.610981273838704
2024-05-10 05:30:00,0,933,4710,96,3777562,3.367343631584406
2024-05-10 06:00:00,0,494,3872,17,7927665,4.124588359524923
2024-05-10 06:30:00,0,298,2366,66,4324192,2.1893448873370898
2024-05-10 07:00:00,0,222,3251,31,2084155,4.57139334678459
2024-05-10 07:30:00,0,116,1488,94,1304460,0.6349218480911042
2024-05-10 08:00:00,0,811,4969,29,2270573,1.0172962131415935
2024-05-10 08:30:00,1,511,2259,99,2776507,3.4502161189207476
2024-05-10 09:00:00,0,394,2524,57,6968645,1.3434861323046512
2024-05-10 09:30:00,3,207,1821,47,2295705,0.906493676396761
2024-05-10 10:00:00,4,184,1122,98,6748569,4.443819350171
2024-05-10 10:30:00,1,525,900,93,6413046,0.43516414776259027
2024-05-10 11:00:00,4,822,2583,65,8665717,4.9582084264349895
2024-05-10 11:30:00,5,727,2398,52,4141164,4.326687625713524
2024-05-10 12:00:00,4,554,2153,23,9768857,4.354462962026283
2024-05-10 12:30:00,5,774,1605,54,5131116,3.1806940064742966
2024-05-10 13:00:00,6,213,2585,96,5693947,1.201792831191226
2024-05-10 13:30:00,7,814,2719,13,3315866,4.0106486181633745
2024-05-10 14:00:00,7,867,3917,67,5524637,0.3636227693541021
2024-05-10 14:30:00,6,459,2037,43,1059721,2.952365190244441
2024-05-10 15:00:00,10,908,854,39,3629573,2.2518822121771884
2024-05-10 15:30:00,10,140,3654,95,1532674,3.776993476700838
2024-05-10 16:00:00,9,194,1053,76,5545635,0.21646384776089256
2024-05-10 16:30:00,8,264,810,48,7510355,1.9952489683590242
2024-05-10 17:00:00,10,198,2211,34,7635751,2.437762567484721
2024-05-10 17:30:00,9,671,2128,91,5976788,0.8465602048400216
2024-05-10 18:00:00,10,701,2419,87,3634367,2.132128915238898
2024-05-10 18:30:00,10,796,3357,83,6416950,4.561340661700484
2024-05-10 19:00:00,10,227,4378,35,3924811,2.3963076985556078
2024-05-10 19:30:00,10,387,2755,47,6020279,1.3337032703216665
2024-05-10 20:00:00,9,916,1766,24,9071222,2.7084417990552137
2024-05-10 20:30:00,8,226,553,39,2016170,0.3981279294610014
2024-05-10 21:00:00,7,487,1601,17,5404907,1.5419158595420044
2024-05-10 21:30:00,9,420,2197,68,9761264,3.9398200342826586
2024-05-10 22:00:00,6,649,3010,37,8009929,3.245379826206638
2024-05-10 22:30:00,6,603,2921,38,2779457,0.2175257727797802
2024-05-10 23:00:00,6,779,1404,96,1794515,2.8923923936553866
2024-05-10 23:30:00,6,112,2594,78,1060794,1.1649663941728658
2024-05-11 00:00:00,6,952,4202,77,6931036,4.881174097560029
2024-05-11 00:30:00,7,559,770,34,1584796,3.940066278897922
2024-05-11 01:00:00,6,432,2804,36,4886928,0.7267496862157528
2024-05-11 01:30:00,5,732,985,19,8499375,1.989173820636874
2024-05-11 02:00:00,3,470,2730,69,4937311,2.5008511943728857
2024-05-11 02:30:00,3,413,3453,65,2971265,0.9936213975819023
2024-05-11 03:00:00,3,249,2325,81,9268026,3.550990881972734
2024-05-11 03:30:00,0,976,3816,94,7151064,4.222755925317189
2024-05-11 04:00:00,3,624,2076,21,1833570,0.12187651740886364
2024-05-11 04:30:00,1,757,1180,80,1534909,0.7527946018608842
2024-05-11 05:00:00,0,523,2427,12,4063908,1.4889679118563401
2024-05-11 05:30:00,0,723,1422,49,9549674,4.922140115508436
2024-05-11 06:00:00,0,769,4241,67,5595915,2.0821866046508113
2024-05-11 06:30:00,0,539,2470,37,2340635,0.9342346185836403
2024-05-11 07:00:00,0,549,4781,41,7940913,0.6925428780630587
2024-05-11 07:30:00,3,393,2053,45,5691423,4.516645202060209
2024-05-11 08:00:00,1,612,1138,22,7364840,4.070196013768173
2024-05-11 08:30:00,3,891,2847,74,9967469,3.1345729758010195
2024-05-11 09:00:00,2,236,4821,33,4928273,2.7445087196398585
2024-05-11 09:30:00,4,568,4465,15,8512844,3.908053431498795
2024-05-11 10:00:00,4,153,3793,65,6395815,1.6589376376879703
2024-05-11 10:30:00,5,310,4986,74,3304262,3.2352878199923545
2024-05-11 11:00:00,5,436,3768,45,3795571,3.7105426628206413
2024-05-11 11:30:00,8,881,1974,20,6485774,2.9206787585940206
2024-05-11 12:00:00,8,492,3996,39,5237632,0.9267865720788225
2024-05-11 12:30:00,10,490,3036,73,6480340,4.930933502365298
2024-05-11 13:00:00,9,511,4548,91,4951908,4.0748582524060994
2024-05-11 13:30:00,10,265,3340,58,1884832,2.5040720218764903
2024-05-11 14:00:00,10,519,1739,92,4782563,3.1378538603497725
2024-05-11 14:30:00,10,652,3950,69,5958046,3.8243723542584225
2024-05-11 15:00:00,10,766,1063,57,2359547,2.347067399932076
2024-05-11 15:30:00,10,450,1179,71,3978319,3.7216694038960805
2024-05-11 16:00:00,10,541,4232,20,7558486,3.8873466993838957
2024-05-11 16:30:00,10,401,1368,29,3127895,2.349136208659705
2024-05-11 17:00:00,10,948,4746,87,3621290,1.0200638263270594
2024-05-11 17:30:00,10,414,2006,67,3468212,3.0290586856601593
2024-05-11 18:00:00,10,251,3056,77,2804905,2.8160153125135037
2024-05-11 18:30:00,10,866,3650,46,5242747,2.552419060514624
2024-05-11 19:00:00,10,342,4091,13,1871789,0.38705191355109725
2024-05-11 19:30:00,10,846,1023,45,5864463,3.910059652219641
2024-05-11 20:00:00,10,564,2227,81,3852883,2.739670442469075
2024-05-11 20:30:00,10,345,3098,84,6964646,2.2101921161150915
2024-05-11 21:00:00,10,993,1693,94,7949532,4.09297188068059
2024-05-11 21:30:00,10,630,1558,82,2867562,1.0647349862090276
2024-05-11 22:00:00,10,586,709,18,2423694,1.4312386548455496
2024-05-11 22:30:00,10,993,3642,91,8881842,3.2346625142849006
2024-05-11 23:00:00,9,956,3703,91,9498083,2.011284382779146
2024-05-11 23:30:00,10,851,4687,79,5492478,1.5850395171082907
2024-05-12 00:00:00,6,932,3520,69,7987487,1.3476180819974473
2024-05-12 00:30:00,6,487,2203,90,9456759,2.4800808546481
2024-05-12 01:00:00,5,275,713,67,2223458,3.9001306742747475
2024-05-12 01:30:00,5,546,4703,96,1645407,4.046097194286087
2024-05-12 02:00:00,4,453,4502,60,1266853,3.973791533358791
2024-05-12 02:30:00,3,124,1905,90,5520983,4.439661728302723
2024-05-12 03:00:00,2,822,3103,37,8832140,0.34863497013316536
2024-05-12 03:30:00,1,908,3225,57,3175214,4.912862613559056
2024-05-12 04:00:00,0,237,4578,76,6674064,2.1896613097641264
2024-05-12 04:30:00,0,428,4703,21,7490977,1.0456123289343198
2024-05-12 05:00:00,1,299,1997,92,6769143,4.853111638501394
2024-05-12 05:30:00,0,576,4382,98,5632056,4.143393382093045
2024-05-12 06:00:00,0,397,4071,34,9915331,4.655645406680709
2024-05-12 06:30:00,0,887,1208,10,2072513,2.66345325619344
2024-05-12 07:00:00,0,826,4264,70,5232718,3.7639350631155266
2024-05-12 07:30:00,3,423,955,82,7708123,2.6453737850939896
2024-05-12 08:00:00,0,227,4619,97,7118409,2.7433055576761327
2024-05-12 08:30:00,2,731,844,11,4217699,4.762354725594477
2024-05-12 09:00:00,3,934,3812,57,5201294,3.7179492198462794
2024-05-12 09:30:00,2,827,2228,60,5144794,2.8772112535527143
2024-05-12 10:00:00,5,335,2487,91,8418676,2.0244027957174855
2024-05-12 10:30:00,3,124,853,93,6190829,0.9052054292106151
2024-05-12 11:00:00,3,696,4371,99,4678030,0.6670788354195439
2024-05-12 11:30:00,7,775,1855,79,9821341,1.568364113129448
2024-05-12 12:00:00,6,990,4536,95,6010299,3.4947412914668905
2024-05-12 12:30:00,9,530,4402,44,8134413,1.0386078319519771
2024-05-12 13:00:00,9,644,1769,48,9609067,0.7441644692944602
2024-05-12 13:30:00,10,902,1625,59,3193152,0.48101114716838544
2024-05-12 14:00:00,10,654,4411,14,6596217,4.246621962196783
2024-05-12 14:30:00,10,960,2027,93,3549317,1.2818301266263075
2024-05-12 15:00:00,10,137,2061,61,7808842,1.0841672740211707
2024-05-12 15:30:00,10,328,2983,43,7574147,2.015183952673602
2024-05-12 16:00:00,10,950,3358,95,6521412,3.184482382380065
2024-05-12 16:30:00,10,155,4505,14,4086516,2.972672810450534
2024-05-12 17:00:00,10,974,1264,61,8514172,4.625923253712221
2024-05-12 17:30:00,10,647,3506,99,9188212,3.4416634388695817
2024-05-12 18:00:00,10,455,2334,81,6645247,2.8536605954782144
2024-05-12 18:30:00,10,165,3584,66,7338270,3.586831019402168
2024-05-12 19:00:00,10,449,3332,46,6812613,3.352245091641587
2024-05-12 19:30:00,10,760,513,61,8050763,3.8606437642170137
2024-05-12 20:00:00,10,329,2303,71,2691708,2.9048889329567085
2024-05-12 20:30:00,10,455,4554,71,4908236,4.055724895768928
2024-05-12 21:00:00,10,914,2910,76,2004856,4.510280794183187
2024-05-12 21:30:00,10,454,908,67,9004997,3.5127364641313763
2024-05-12 22:00:00,9,191,3428,35,8614265,1.8523373044052227
2024-05-12 22:30:00,10,162,1387,22,2254282,1.4718933544540047
2024-05-12 23:00:00,9,162,3218,71,9824222,3.2222097595383423
2024-05-12 23:30:00,9,597,1932,15,3127235,3.1940027775448647
2024-05-13 00:00:00,6,351,3442,45,8091517,0.21716176287298286
2024-05-13 00:30:00,4,690,3181,62,5189995,3.760836009176201
2024-05-13 01:00:00,5,974,866,19,1468903,1.1871849854559775
2024-05-13 01:30:00,3,258,1495,59,8916084,0.3670017944881381
2024-05-13 02:00:00,2,447,3658,91,2440378,0.8506761170558145
2024-05-13 02:30:00,2,151,1112,66,5019056,3.3182263535212595
2024-05-13 03:00:00,1,616,1327,39,1018578,2.6629679716839214
2024-05-13 03:30:00,1,808,1989,85,8675542,4.249994933986448
2024-05-13 04:00:00,0,845,1455,71,1519966,0.6206384749558531
2024-05-13 04:30:00,0,909,1868,44,7300996,4.16463153873636
2024-05-13 05:00:00,0,359,2636,53,3249567,3.289497709852425
2024-05-13 05:30:00,0,779,4695,43,1544905,1.1531547651105614
2024-05-13 06:00:00,1,592,4405,38,2931938,3.7108375167930765
2024-05-13 06:30:00,0,200,704,32,1397150,3.732533110812355
2024-05-13 07:00:00,0,511,1610,99,3333772,0.6292077639636743
2024-05-13 07:30:00,1,753,4803,27,1866736,1.4055893740029464
2024-05-13 08:00:00,1,400,3604,43,8602097,3.2304380292414785
2024-05-13 08:30:00,0,356,3905,99,3235263,1.9648158487775738
2024-05-13 09:00:00,1,942,2165,94,8842807,3.8497002355215257
2024-05-13 09:30:00,3,833,4087,17,6468398,2.7266079599573656
2024-05-13 10:00:00,1,946,923,74,1697508,4.299285666670762
2024-05-13 10:30:00,3,228,748,22,4732599,0.6440274754987749
2024-05-13 11:00:00,1,356,1970,81,9310025,3.695359185065761
2024-05-13 11:30:00,3,196,562,54,2851398,2.3767358533379417
2024-05-13 12:00:00,5,984,4184,97,1681720,2.6450156835407177
2024-05-13 12:30:00,4,879,2831,48,6682257,1.4918232543986556
2024-05-13 13:00:00,5,129,1889,12,5880713,1.4184094530447986
2024-05-13 13:30:00,5,489,4826,69,9311737,1.0300386954030762
2024-05-13 14:00:00,9,169,4003,83,5403066,1.929393844537994
2024-05-13 14:30:00,8,797,2445,40,2167012,1.2710404404632352
2024-05-13 15:00:00,9,386,1860,72,4963904,1.0296675738633485
2024-05-13 15:30:00,9,886,3812,60,5549178,4.8127999717693575
2024-05-13 16:00:00,9,718,3686,36,1370985,2.292329984165029
2024-05-13 16:30:00,8,116,3213,22,1068302,3.422799429804298
2024-05-13 17:00:00,10,987,4020,28,8106074,1.9333259766876278
2024-05-13 17:30:00,9,437,1604,39,6133986,2.8919893446512983
2024-05-13 18:00:00,10,303,507,68,1860167,2.5460903342648
2024-05-13 18:30:00,10,109,3979,48,5383474,3.1021719269188743
2024-05-13 19:00:00,10,830,1765,80,1600975,3.641370896799733
2024-05-13 19:30:00,10,176,1050,76,9545437,3.3531551081814386
2024-05-13 20:00:00,9,804,3097,59,3036223,3.8343066043835394
2024-05-13 20:30:00,8,331,2149,87,2899750,0.816891598770039
2024-05-13 21:00:00,9,858,2137,61,5222160,0.5607525884673602
2024-05-13 21:30:00,8,945,1976,90,4551794,1.7606072220883582
2024-05-13 22:00:00,6,955,3798,41,1775857,2.4609565182879436
2024-05-13 22:30:00,7,733,4426,18,8811525,1.199572673503686
2024-05-13 23:00:00,7,532,4528,41,7505050,3.8888001968527455
2024-05-13 23:30:00,6,511,3822,35,6497506,3.625824126693149
2024-05-14 00:00:00,5,975,3877,28,5680033,4.5765366996543255
2024-05-14 00:30:00,4,253,4335,93,3325720,3.6719049684621017
2024-05-14 01:00:00,2,211,3899,75,3273578,0.6250120575232951
2024-05-14 01:30:00,4,688,2253,67,4053218,3.358474636786906
2024-05-14 02:00:00,2,636,1945,40,5002369,2.1190907547869156
2024-05-14 02:30:00,2,873,2451,31,9565696,1.372112407969555
2024-05-14 03:00:00,3,134,1774,85,7134699,3.049561969769786
2024-05-14 03:30:00,2,176,3493,45,1857355,1.5807318199627025
2024-05-14 04:00:00,1,287,2467,64,1851830,2.70119599583629
2024-05-14 04:30:00,1,655,1115,74,9788387,2.9222891882464057
2024-05-14 05:00:00,2,927,2172,73,6934737,2.692427885055989
2024-05-14 05:30:00,2,377,2310,98,3681893,0.15236394924228672
2024-05-14 06:00:00,1,584,923,56,8202409,1.8088206794182953
2024-05-14 06:30:00,1,597,2513,50,2131012,3.973265094985086
2024-05-14 07:00:00,0,610,4854,68,1055772,1.7997886563160865
2024-05-14 07:30:00,1,464,4060,78,1627131,2.5959595488878504
2024-05-14 08:00:00,1,624,1116,39,8375711,1.7984971904871931
2024-05-14 08:30:00,1,980,4187,61,2032401,1.076265746693414
2024-05-14 09:00:00,2,198,3683,64,5198564,1.0787920062599055
2024-05-14 09:30:00,0,745,2508,66,6056902,3.7694119647379702
2024-05-14 10:00:00,2,888,2739,92,4387459,3.1769680322204965
2024-05-14 10:30:00,3,736,1779,62,3690308,4.667079501335895
2024-05-14 11:00:00,3,771,4965,76,4557964,2.162922833691483
2024-05-14 11:30:00,3,966,941,43,3430241,3.219179570925367
2024-05-14 12:00:00,6,379,1350,99,4281057,2.395843921615919
2024-05-14 12:30:00,6,631,3129,37,4759479,2.422295577058404
2024-05-14 13:00:00,5,697,2137,96,3699293,4.285028140444299
2024-05-14 13:30:00,7,915,3606,52,8632703,2.3260834443677
2024-05-14 14:00:00,8,874,3785,16,8261546,4.64801732309329
2024-05-14 14:30:00,8,168,3544,63,9461044,3.140485560023433
2024-05-14 15:00:00,9,301,1106,42,7259884,0.5185790355586037
2024-05-14 15:30:00,9,636,4277,33,6665304,0.43311628864943186
2024-05-14 16:00:00,9,830,4812,47,5577456,4.913339640488936
2024-05-14 16:30:00,8,575,865,20,4627708,2.0568609916194296
2024-05-14 17:00:00,10,372,1016,19,7206885,2.9785482760678015
2024-05-14 17:30:00,10,838,2612,75,6255671,2.2147717413839425
2024-05-14 18:00:00,10,250,1944,74,5718095,0.8785925486235743
2024-05-14 18:30:00,10,225,4144,13,5745430,0.7152033449495755
2024-05-14 19:00:00,10,128,4262,35,8924875,1.1422111478622954
2024-05-14 19:30:00,9,384,3755,71,3115558,3.066155275024823
2024-05-14 20:00:00,9,725,968,86,5697233,2.778014578141218
2024-05-14 20:30:00,9,969,4034,77,1697983,1.7100833182038737
2024-05-14 21:00:00,7,701,1546,59,3563860,0.3164537745700239
2024-05-14 21:30:00,9,233,4679,11,2801252,1.6877374455499197
2024-05-14 22:00:00,8,678,3348,18,4949832,2.0516862858967744
2024-05-14 22:30:00,7,519,3602,39,4643695,3.806476536376932
2024-05-14 23:00:00,7,815,904,58,2986309,3.7136715485177745
2024-05-14 23:30:00,8,689,2990,70,5291102,1.1848996730265597
2024-05-15 00:00:00,5,796,1081,87,1671667,1.2156023647718186
2024-05-15 00:30:00,2,579,4940,88,2118003,3.176625854200071
2024-05-15 01:00:00,4,578,2800,38,7126082,3.29370410223692
2024-05-15 01:30:00,3,361,1205,90,6585108,2.849403602745544
2024-05-15 02:00:00,2,129,4008,98,2592812,0.6486597636061894
2024-05-15 02:30:00,1,191,1335,55,5215693,1.5000287271187933
2024-05-15 03:00:00,1,549,1533,16,1127678,0.2553457361592584
2024-05-15 03:30:00,1,417,1066,28,6922131,3.831811322616002
2024-05-15 04:00:00,0,588,3243,66,7157392,4.051866794085978
2024-05-15 04:30:00,3,254,3568,43,4921171,4.610354937115001
2024-05-15 05:00:00,0,384,1323,18,9237926,0.5307862772418227
2024-05-15 05:30:00,0,523,4780,88,2458442,4.540443485500234
2024-05-15 06:00:00,0,709,3877,28,4312361,4.60028359283321
2024-05-15 06:30:00,0,205,4521,69,2247539,4.988759362917702
2024-05-15 07:00:00,0,787,4578,49,3244602,3.9116539834170854
2024-05-15 07:30:00,0,209,1991,34,4048595,1.3869253946411584
2024-05-15 08:00:00,0,477,4380,22,7135477,1.3963384616227983
2024-05-15 08:30:00,0,360,1906,19,7180937,3.472262700774073
2024-05-15 09:00:00,3,538,4889,59,4248797,3.4306900421446374
2024-05-15 09:30:00,3,484,3482,60,5116545,3.335613082917808
2024-05-15 10:00:00,4,367,4075,98,9135547,1.8302922543784275
2024-05-15 10:30:00,2,279,4618,25,6402935,2.6470066635742415
2024-05-15 11:00:00,5,711,2870,49,8131219,1.5773376477556162
2024-05-15 11:30:00,5,894,1069,80,9161376,3.0242745055399625
2024-05-15 12:00:00,6,627,4239,71,5613538,3.8847706685382817
2024-05-15 12:30:00,7,597,743,27,5399674,3.5236117706997585
2024-05-15 13:00:00,5,832,3630,18,3400181,2.219276108595546
2024-05-15 13:30:00,6,974,1644,75,8881508,2.671169165175876
2024-05-15 14:00:00,8,984,2704,17,7364570,3.8848506336308573
2024-05-15 14:30:00,5,170,1456,30,8316608,1.240979254851471
2024-05-15 15:00:00,10,860,2775,50,4992977,1.1843631351075838
2024-05-15 15:30:00,10,195,3363,82,6856058,2.476435384366584
2024-05-15 16:00:00,9,102,4827,10,7309343,2.5212687435752708
2024-05-15 16:30:00,10,608,1989,51,6785617,0.21501646486688242
2024-05-15 17:00:00,9,373,3789,12,6198773,2.9515370606105193
2024-05-15 17:30:00,10,342,1275,42,2275536,2.146933018272768
2024-05-15 18:00:00,10,933,4519,96,1298623,2.9242605544296185
2024-05-15 18:30:00,10,260,1809,20,6591914,4.582636002301464
2024-05-15 19:00:00,10,325,925,18,3752921,1.7322786068923015
2024-05-15 19:30:00,10,522,1813,31,6914450,0.628395636814948
2024-05-15 20:00:00,9,680,620,67,2067986,1.1119415750689248
2024-05-15 20:30:00,8,962,1776,55,1757396,1.6020315837698693
2024-05-15 21:00:00,8,360,1910,77,3024633,4.33100347017018
2024-05-15 21:30:00,8,435,1236,79,8324431,2.790464031357279
2024-05-15 22:00:00,8,227,4905,37,7907605,4.975902125855753
2024-05-15 22:30:00,7,377,2951,22,3777766,1.496656878108479
2024-05-15 23:00:00,7,989,2949,74,4200405,0.43676139898245814
2024-05-15 23:30:00,5,471,971,13,7469771,1.5758218677979128
2024-05-16 00:00:00,5,202,4194,71,2154133,4.96371516899509
2024-05-16 00:30:00,4,878,558,53,4516886,3.7411859072168427
2024-05-16 01:00:00,2,372,3544,50,1115349,4.583800613283949
2024-05-16 01:30:00,2,102,1920,30,5906554,3.014739195173907
2024-05-16 02:00:00,1,914,2208,24,7411824,1.4492809068611352
2024-05-16 02:30:00,3,801,3395,34,9400368,4.776713756891166
2024-05-16 03:00:00,2,274,618,77,8301673,1.2228666166364799
2024-05-16 03:30:00,2,210,2209,42,1882528,2.0458587667607913
2024-05-16 04:00:00,0,388,680,83,5985932,1.5376002543952645
2024-05-16 04:30:00,0,331,4424,80,3051633,3.2529493412922643
2024-05-16 05:00:00,0,801,1390,77,6113973,2.148247657192612
2024-05-16 05:30:00,0,485,891,68,7172241,4.7898302208881605
2024-05-16 06:00:00,0,392,2402,38,3205341,4.840358385725975
2024-05-16 06:30:00,1,957,1547,13,8421252,0.5748786882703893
2024-05-16 07:00:00,0,364,2617,89,4274816,4.648832153439574
2024-05-16 07:30:00,2,659,1304,48,9415682,4.0101804743405784
2024-05-16 08:00:00,0,959,3124,79,1383847,3.590453437055014
2024-05-16 08:30:00,0,100,2709,11,2173690,1.8776513086316076
2024-05-16 09:00:00,0,263,3655,27,6880610,3.4298304753384654
2024-05-16 09:30:00,1,126,4854,72,6683070,4.072265526211764
2024-05-16 10:00:00,3,290,3698,57,6580877,4.169081255190772
2024-05-16 10:30:00,2,979,3659,18,5313522,4.048300530664963
2024-05-16 11:00:00,5,762,2353,83,2549435,1.6681155912927714
2024-05-16 11:30:00,6,771,4398,62,2045214,1.006563660919238
2024-05-16 12:00:00,3,741,3597,23,7677443,2.7644992180522547
2024-05-16 12:30:00,7,961,4718,51,7138678,1.3457075024316683
2024-05-16 13:00:00,4,359,3486,34,3720884,3.9464273934238165
2024-05-16 13:30:00,7,359,1220,73,6993699,0.31888293396624273
2024-05-16 14:00:00,9,454,540,78,2471803,2.1845018835071874
2024-05-16 14:30:00,8,216,4078,81,8933564,3.91508134221117
2024-05-16 15:00:00,7,264,925,79,1197636,0.494739610029473
2024-05-16 15:30:00,8,526,1946,30,4412558,3.4661978119006833
2024-05-16 16:00:00,9,466,3776,77,2199974,1.2322099568367935
2024-05-16 16:30:00,9,120,1722,75,8772977,0.7242300747146949
2024-05-16 17:00:00,10,333,867,83,2005084,1.6086455874608119
2024-05-16 17:30:00,10,233,1804,75,7236756,0.19474761517146943
2024-05-16 18:00:00,10,828,3861,50,9629472,3.1871102367054354
2024-05-16 18:30:00,9,183,4793,56,5969323,1.7312535261614648
2024-05-16 19:00:00,10,794,537,31,5982662,4.969184877360852
2024-05-16 19:30:00,10,841,1421,86,8526012,0.5794128000336518
2024-05-16 20:00:00,9,359,2308,80,1187621,4.48493295162598
2024-05-16 20:30:00,9,951,3950,42,8850424,2.5399929685767284
2024-05-16 21:00:00,10,251,2443,52,8569225,0.6767335235557552
2024-05-16 21:30:00,5,148,1958,94,4752475,4.294974971628614
2024-05-16 22:00:00,9,962,4093,86,5903791,0.6441232618940761
2024-05-16 22:30:00,6,770,2269,96,7632738,3.2647104757385628
2024-05-16 23:00:00,6,317,3547,30,4128632,1.3015660567875975
2024-05-16 23:30:00,6,752,1130,43,4539437,2.3006759666110193
2024-05-17 00:00:00,6,616,1310,42,1082948,2.9077976230206373
2024-05-17 00:30:00,4,340,2303,19,4886838,4.606409751979485
2024-05-17 01:00:00,3,304,3535,69,8057121,1.4941174263892991
2024-05-17 01:30:00,4,723,1684,13,7698660,1.999704747988629
2024-05-17 02:00:00,0,814,2378,73,2663069,1.0780192768769674
2024-05-17 02:30:00,2,864,1809,72,1902822,1.7837460131047715
2024-05-17 03:00:00,0,527,2580,18,9545610,0.7164779568173576
2024-05-17 03:30:00,0,793,1699,38,7039394,2.785608641112516
2024-05-17 04:00:00,3,338,2787,23,7185493,2.840234907566351
2024-05-17 04:30:00,0,750,1511,97,3335199,3.1545283674557383
2024-05-17 05:00:00,0,855,3093,81,5045452,1.228726660225719
2024-05-17 05:30:00,0,143,3358,22,6992130,2.2185426989853387
2024-05-17 06:00:00,0,874,1816,12,9185779,0.3030025285978818
2024-05-17 06:30:00,0,811,628,87,6383319,0.297257769276916
2024-05-17 07:00:00,1,612,1574,33,4071691,1.616368006101462
2024-05-17 07:30:00,1,663,4864,69,6455926,2.496800460755305
2024-05-17 08:00:00,1,774,1795,83,5570216,3.4955726889953365
2024-05-17 08:30:00,2,964,526,89,7770101,3.8174999785716475
2024-05-17 09:00:00,2,123,2443,21,5207556,2.0687268022250076
2024-05-17 09:30:00,0,548,2886,19,1430673,3.8024714658171423
2024-05-17 10:00:00,3,811,1441,72,9754756,3.6652596522209078
2024-05-17 10:30:00,4,886,4842,75,2735208,3.1991234356385214
2024-05-17 11:00:00,4,900,3418,21,7918919,0.7939858296286473
2024-05-17 11:30:00,4,102,4667,58,6457909,1.5074955440269378
2024-05-17 12:00:00,4,778,2605,68,5416610,2.715996083635596
2024-05-17 12:30:00,5,368,2184,85,3580651,4.0882664753658675
2024-05-17 13:00:00,6,676,1996,11,9764140,2.076237702551088
2024-05-17 13:30:00,8,994,3382,82,5115918,4.838624607544609
2024-05-17 14:00:00,6,864,1022,35,3050931,3.360462791714415
2024-05-17 14:30:00,7,172,1063,40,7202570,1.6339726218129957
2024-05-17 15:00:00,7,871,1780,43,3240502,2.8510269928117897
2024-05-17 15:30:00,10,497,3290,97,1795662,1.9378610392115034
2024-05-17 16:00:00,9,994,1549,30,3689002,4.56870760750539
2024-05-17 16:30:00,9,231,1615,59,6399445,0.3369012506067021
2024-05-17 17:00:00,10,330,2873,18,2915304,1.2216861216379444
2024-05-17 17:30:00,10,554,4065,74,1337137,0.5731760016597036
2024-05-17 18:00:00,10,746,2545,44,1588944,4.047536490546826
2024-05-17 18:30:00,7,504,2986,40,9590995,1.036289072003366
2024-05-17 19:00:00,10,926,3852,94,7245634,3.7399521668121927
2024-05-17 19:30:00,10,102,1985,47,8227040,2.851822821170121
2024-05-17 20:00:00,9,275,3638,32,1482915,4.168058327660775
2024-05-17 20:30:00,8,611,4076,71,4465267,4.9752490841869506
2024-05-17 21:00:00,9,792,3229,52,5450169,0.8557602541263685
2024-05-17 21:30:00,8,670,3189,58,7752829,0.8370449241946148
2024-05-17 22:00:00,7,210,2606,96,2882001,3.2174561135999205
2024-05-17 22:30:00,7,694,4577,30,4217734,0.2778914277218627
2024-05-17 23:00:00,5,354,3112,53,8260593,4.1053479559743025
2024-05-17 23:30:00,5,692,4468,17,6059145,1.9455325300631594
2024-05-18 00:00:00,6,413,4013,75,9338137,2.054780142338477
2024-05-18 00:30:00,7,783,2418,55,2693586,2.903024482879095
2024-05-18 01:00:00,5,389,3074,40,4822012,1.7762674147586708
2024-05-18 01:30:00,5,590,1316,22,3830023,1.5711526755980618
2024-05-18 02:00:00,2,169,4669,79,1692484,1.104349172344294
2024-05-18 02:30:00,2,321,3109,66,8052499,3.622225204520151
2024-05-18 03:00:00,2,179,3064,31,1453321,3.866201548105935
2024-05-18 03:30:00,0,189,2564,79,2589979,3.0797030538632053
2024-05-18 04:00:00,1,593,3716,26,8973524,1.2565656267251526
2024-05-18 04:30:00,0,380,3379,53,8057346,3.504318821851684
2024-05-18 05:00:00,0,456,1975,33,4200886,0.8735086401085681
2024-05-18 05:30:00,0,800,3420,50,7171872,4.40358406242501
2024-05-18 06:00:00,1,989,3754,47,2796751,2.2869976863718864
2024-05-18 06:30:00,1,932,3830,58,6520437,2.431720242248806
2024-05-18 07:00:00,0,545,3092,49,9666949,1.10032613320526
2024-05-18 07:30:00,1,177,1850,48,8737036,3.1160044935512277
2024-05-18 08:00:00,1,624,1168,53,2113258,4.926739535727995
2024-05-18 08:30:00,2,810,2413,58,2095280,2.98659237670631
2024-05-18 09:00:00,3,213,2725,10,6936700,3.29649125731479
2024-05-18 09:30:00,1,661,4466,19,7176571,1.513596913084176
2024-05-18 10:00:00,4,231,3262,25,7263943,1.6966718994074255
2024-05-18 10:30:00,4,215,4040,62,4562708,1.0621423913456154
2024-05-18 11:00:00,5,789,2173,63,3846290,2.6215481926408657
2024-05-18 11:30:00,6,839,3310,14,6758335,0.8250754256418371
2024-05-18 12:00:00,7,497,2583,38,8638720,3.13055825351385
2024-05-18 12:30:00,7,175,4007,45,4429942,2.380020098647761
2024-05-18 13:00:00,10,117,1146,30,8025284,3.1591282758529533
2024-05-18 13:30:00,10,168,1010,16,5515792,0.4465321631049777
2024-05-18 14:00:00,10,571,4606,51,7229994,4.431879653387625
2024-05-18 14:30:00,10,403,3789,41,3987064,1.9550487531003726
2024-05-18 15:00:00,10,430,4931,99,5006617,1.1139636575417988
2024-05-18 15:30:00,10,522,2062,90,3527969,2.5538402010802517
2024-05-18 16:00:00,10,728,4532,78,3498972,4.656122393700749
2024-05-18 16:30:00,10,345,1561,23,8836026,3.502002119037062
2024-05-18 17:00:00,10,970,4166,43,2256814,1.7664249291451264
2024-05-18 17:30:00,10,532,2625,27,1390370,1.588833382040433
2024-05-18 18:00:00,10,648,4295,75,3348167,3.34030412942916
2024-05-18 18:30:00,10,577,666,99,9969408,0.5351428168837483
2024-05-18 19:00:00,10,893,4916,57,8161137,1.89050989412349
2024-05-18 19:30:00,10,647,1405,96,2838548,2.445521139680251
2024-05-18 20:00:00,10,555,4402,52,1555675,3.8265356383727096
2024-05-18 20:30:00,10,932,2469,32,9786091,1.695034836625614
2024-05-18 21:00:00,10,108,2039,91,8322938,3.981543959935436
2024-05-18 21:30:00,10,874,1657,77,3164495,3.935168704077703
2024-05-18 22:00:00,10,201,3397,29,7911497,0.195369731052475
2024-05-18 22:30:00,10,491,1798,56,4871688,1.0330243072583731
2024-05-18 23:00:00,10,561,1215,39,5668268,3.3016319654893413
2024-05-18 23:30:00,8,182,1076,78,3205026,2.5306060954910556
2024-05-19 00:00:00,7,476,608,94,5587446,0.23541797561554376
2024-05-19 00:30:00,8,629,4986,40,4146952,1.8622795169903146
2024-05-19 01:00:00,6,871,3248,54,2363608,3.166290638664071
2024-05-19 01:30:00,2,226,2971,89,3295933,4.9592630648270895
2024-05-19 02:00:00,4,364,4980,43,2290869,1.1136850263804003
2024-05-19 02:30:00,3,147,4120,14,2025657,0.8483231325852499
2024-05-19 03:00:00,2,655,635,93,1177380,1.885405463698138
2024-05-19 03:30:00,2,801,2035,47,1718126,2.7994718830198804
2024-05-19 04:00:00,1,871,2234,62,2493970,3.3560466583656665
2024-05-19 04:30:00,0,400,2074,74,5946586,1.8679923093538755
2024-05-19 05:00:00,0,175,4402,27,1935152,1.2193640276368123
2024-05-19 05:30:00,0,405,3524,27,8249927,0.1255997089994656
2024-05-19 06:00:00,0,150,2198,49,6080449,0.9988902953147012
2024-05-19 06:30:00,0,238,1516,28,4678028,0.5903114657012748
2024-05-19 07:00:00,1,271,3476,15,6919073,1.2863383407179199
2024-05-19 07:30:00,1,819,4860,13,2308801,1.680614915835472
2024-05-19 08:00:00,1,202,1932,68,4247602,0.4858181669063817
2024-05-19 08:30:00,1,674,4996,10,3917550,2.088645198468457
2024-05-19 09:00:00,2,583,3657,45,8939063,0.9213677907422039
2024-05-19 09:30:00,4,438,4862,35,7237784,2.9487010032808088
2024-05-19 10:00:00,2,865,660,94,1378857,1.9515993333719837
2024-05-19 10:30:00,5,418,3033,75,7487350,3.2342951220635707
2024-05-19 11:00:00,5,473,1998,24,7494187,3.903156497966475
2024-05-19 11:30:00,5,519,4334,54,9655149,0.515044674617716
2024-05-19 12:00:00,6,441,1485,14,8705642,1.974145515696586
2024-05-19 12:30:00,8,325,2184,80,4443432,4.891098382780043
2024-05-19 13:00:00,10,189,968,27,8546076,0.11131702067598583
2024-05-19 13:30:00,10,558,3265,71,5140700,2.3486639331802133
2024-05-19 14:00:00,10,613,2084,66,7593162,2.3976568236827345
2024-05-19 14:30:00,10,606,2498,11,1144149,4.13623563226064
2024-05-19 15:00:00,10,505,2060,26,9164043,1.522111843371807
2024-05-19 15:30:00,10,750,1205,76,1740729,3.9025501835119067
2024-05-19 16:00:00,10,732,1115,88,6883928,0.11078109056047679
2024-05-19 16:30:00,10,525,728,59,8948593,2.5046750870475187
2024-05-19 17:00:00,10,113,2005,34,9358706,1.6646703926615123
2024-05-19 17:30:00,10,791,2052,79,6306804,4.059962095485302
2024-05-19 18:00:00,10,422,4089,31,6409747,2.0744416660824565
2024-05-19 18:30:00,10,310,3541,18,5922638,0.4424042561005437
2024-05-19 19:00:00,10,312,3605,82,5847972,3.5710961283241804
2024-05-19 19:30:00,10,747,2858,43,8330020,0.16479263894711282
2024-05-19 20:00:00,10,908,1844,79,2444476,1.7386410439449376
2024-05-19 20:30:00,10,412,2964,10,3988602,2.5418169889985482
2024-05-19 21:00:00,10,441,3027,53,9076549,3.7345378144369366
2024-05-19 21:30:00,10,137,2703,16,2389138,1.6340131733126744
2024-05-19 22:00:00,10,530,2244,24,1761521,0.6100775269137445
2024-05-19 22:30:00,9,311,587,47,8056490,4.143757030209636
2024-05-19 23:00:00,9,574,4406,90,5402681,0.14813104458074056
2024-05-19 23:30:00,10,795,1467,63,2560592,4.378342549010522
2024-05-20 00:00:00,5,490,545,39,8073365,0.6218379418252826
2024-05-20 00:30:00,4,612,2184,92,4433773,0.7159346772880676
2024-05-20 01:00:00,4,492,2228,13,2566869,0.9145214352752921
2024-05-20 01:30:00,4,825,1147,84,7970138,0.8268807464340832
2024-05-20 02:00:00,1,479,1292,51,5507115,3.994417353556047
2024-05-20 02:30:00,1,339,693,49,6280474,4.0738086858660205
2024-05-20 03:00:00,1,777,1111,42,7263334,0.9303931341787391
2024-05-20 03:30:00,2,786,1842,38,9792390,0.6513363412664537
2024-05-20 04:00:00,1,844,2642,24,5713484,2.905155087418838
2024-05-20 04:30:00,3,525,2774,72,2936440,3.528564091047675
2024-05-20 05:00:00,1,960,1413,71,8452444,2.8392953017707905
2024-05-20 05:30:00,0,163,4467,77,4224510,0.23568034575724503
2024-05-20 06:00:00,1,157,4941,23,4681244,3.8538324372558876
2024-05-20 06:30:00,0,712,2697,28,4515407,3.599532058079497
2024-05-20 07:00:00,0,651,1199,91,7477743,3.6145719184796077
2024-05-20 07:30:00,1,805,1146,71,8086371,1.1153448219721391
2024-05-20 08:00:00,0,535,2225,44,6977595,0.44438526767445397
2024-05-20 08:30:00,1,801,3594,93,1070398,4.986693672849041
2024-05-20 09:00:00,3,465,1584,78,5588127,2.4412064396668893
2024-05-20 09:30:00,2,809,1406,85,2315299,3.658589438056902
2024-05-20 10:00:00,2,959,3266,31,8917658,0.5724451542191016
2024-05-20 10:30:00,3,451,3552,13,5917043,2.5741680930732063
2024-05-20 11:00:00,5,173,3613,44,9597572,2.5700736266991138
2024-05-20 11:30:00,4,793,1982,93,1791467,0.702004265734574
2024-05-20 12:00:00,5,988,2894,82,1678158,1.8228774591900039
2024-05-20 12:30:00,5,619,3746,88,2368325,4.468170358942567
2024-05-20 13:00:00,6,455,4213,45,1956590,3.482053138397839
2024-05-20 13:30:00,7,809,711,86,2167620,3.685186919360825
2024-05-20 14:00:00,6,781,2882,91,4102459,4.403615078999398
2024-05-20 14:30:00,7,896,3379,97,8419092,1.6203994347335635
2024-05-20 15:00:00,8,346,2867,91,9057967,3.970729043073081
2024-05-20 15:30:00,10,990,4016,59,5899431,0.5730397404325318
2024-05-20 16:00:00,10,953,3735,21,6566478,2.9299887860812683
2024-05-20 16:30:00,10,879,3927,76,6883063,2.7173255740790165
2024-05-20 17:00:00,9,615,2684,32,4182277,2.212841780589936
2024-05-20 17:30:00,9,374,2254,78,3848140,1.124928861575437
2024-05-20 18:00:00,9,146,2919,51,3292509,2.1948799203137432
2024-05-20 18:30:00,9,461,2908,52,9021669,4.2369873832836245
2024-05-20 19:00:00,10,245,673,25,5526866,3.68044653303423
2024-05-20 19:30:00,7,211,3277,69,5806820,2.258955840930285
2024-05-20 20:00:00,10,255,4068,70,7009456,4.841184536689412
2024-05-20 20:30:00,8,154,1402,91,9790083,3.947930386956157
2024-05-20 21:00:00,8,723,863,87,7009584,0.31687702729833306
2024-05-20 21:30:00,7,813,1242,13,9057989,3.7786089655174
2024-05-20 22:00:00,6,503,1575,55,7414268,3.6208351203691214
2024-05-20 22:30:00,6,299,3344,35,4412543,0.3411812103667273
2024-05-20 23:00:00,8,683,657,61,9470728,4.640130601583198
2024-05-20 23:30:00,6,969,3795,38,1199057,2.388490430010349
2024-05-21 00:00:00,4,527,594,92,3995311,1.271724739967588
2024-05-21 00:30:00,5,722,1788,33,6039555,2.296306375886774
2024-05-21 01:00:00,4,786,2998,20,8145195,4.185524287271051
2024-05-21 01:30:00,4,774,2476,23,5779589,1.3274785159059397
2024-05-21 02:00:00,1,773,3536,87,9549036,4.579054686470591
2024-05-21 02:30:00,2,174,4438,23,2317370,0.417225062864396
2024-05-21 03:00:00,2,475,1305,93,5709310,0.5378497124818667
2024-05-21 03:30:00,0,937,2206,75,4988347,3.036687886379279
2024-05-21 04:00:00,1,576,3674,13,8096292,2.5980050797010112
2024-05-21 04:30:00,2,914,2764,22,4016783,3.3903748898070334
2024-05-21 05:00:00,0,311,4857,18,6795472,0.31288504893262997
2024-05-21 05:30:00,1,523,2434,20,1835757,1.375187607641484
2024-05-21 06:00:00,1,514,2436,16,3964011,3.5454089387569456
2024-05-21 06:30:00,0,323,1766,62,4908689,1.7875676847970683
2024-05-21 07:00:00,0,979,3503,41,4675430,1.5928078977889384
2024-05-21 07:30:00,0,275,2390,53,9926513,4.116907118250405
2024-05-21 08:00:00,0,997,1076,31,2671695,4.0007090030144825
2024-05-21 08:30:00,1,994,1132,23,3419242,3.7504555991192845
2024-05-21 09:00:00,2,204,557,81,2233241,3.175364538436713
2024-05-21 09:30:00,2,469,2180,55,1101293,4.776585205031181
2024-05-21 10:00:00,3,803,1144,38,3366398,0.20317927936761782
2024-05-21 10:30:00,2,219,3928,92,6708340,0.847951188105879
2024-05-21 11:00:00,4,401,1234,39,7876900,2.35345256487569
2024-05-21 11:30:00,4,283,3823,71,9368419,1.4753802329358354
2024-05-21 12:00:00,7,210,3622,36,3628194,1.5374607827274418
2024-05-21 12:30:00,5,986,3742,60,3582328,4.9034517032465095
2024-05-21 13:00:00,6,420,3272,25,9964993,0.316680375647601
2024-05-21 13:30:00,7,969,1313,56,3309110,0.22689957544283487
2024-05-21 14:00:00,7,569,771,75,4841763,4.682209791652268
2024-05-21 14:30:00,8,762,2777,61,1776731,0.8844412008514043
2024-05-21 15:00:00,8,511,2781,35,5510889,0.31058868325949507
2024-05-21 15:30:00,7,105,2127,28,4949058,2.3468718677620335
2024-05-21 16:00:00,9,977,4779,49,2140878,4.421263794743551
2024-05-21 16:30:00,9,135,1711,58,7974744,1.5997172136017934
2024-05-21 17:00:00,8,977,4079,55,9695274,4.668032107497594
2024-05-21 17:30:00,10,903,3755,32,3450431,4.339853150953529
2024-05-21 18:00:00,10,736,3441,37,8063429,1.474047625772139
2024-05-21 18:30:00,10,716,1173,85,1997475,2.2336520422237673
2024-05-21 19:00:00,10,295,3187,54,2517859,4.6263165279953204
2024-05-21 19:30:00,8,256,3350,48,2015450,0.7041052168337671
2024-05-21 20:00:00,10,703,4044,10,8618319,0.40327734880207533
2024-05-21 20:30:00,9,863,1793,19,7571432,1.0247260476063949
2024-05-21 21:00:00,9,237,2914,32,1836623,1.205544239432116
2024-05-21 21:30:00,8,399,2844,79,3391971,0.9790061638860669
2024-05-21 22:00:00,6,743,2219,33,1745301,0.25538912829604976
2024-05-21 22:30:00,7,207,1758,80,6433245,3.616528740262007
2024-05-21 23:00:00,6,570,3459,96,6078957,0.8935645367309768
2024-05-21 23:30:00,6,718,3715,97,9717030,2.331405901118496
2024-05-22 00:00:00,4,846,2042,75,5638297,0.6899029560099293
2024-05-22 00:30:00,6,232,3796,65,1405327,1.891038743298188
2024-05-22 01:00:00,3,769,2000,65,7693081,2.0475913635557723
2024-05-22 01:30:00,2,416,4776,36,6049027,4.573631281330541
2024-05-22 02:00:00,3,528,4218,41,1971964,3.5560521021801996
2024-05-22 02:30:00,1,102,2938,29,4985132,4.54009665054059
2024-05-22 03:00:00,1,169,883,71,2528087,2.4965720245312992
2024-05-22 03:30:00,0,659,3758,35,7363779,0.9297740820325573
2024-05-22 04:00:00,2,304,2418,81,3467671,2.107202894291864
2024-05-22 04:30:00,1,757,1038,21,9026977,3.009024591215299
2024-05-22 05:00:00,0,179,1684,67,5544451,2.752101307251525
2024-05-22 05:30:00,0,796,2287,65,2272222,4.491896910828534
2024-05-22 06:00:00,1,653,2338,27,4991951,3.0026512015249973
2024-05-22 06:30:00,0,825,3667,64,5528410,1.357491024333444
2024-05-22 07:00:00,1,716,1307,10,2031741,4.767673014561412
2024-05-22 07:30:00,0,615,2137,21,9551855,0.9522382244058866
2024-05-22 08:00:00,0,800,2458,46,7960445,2.4345474963827716
2024-05-22 08:30:00,1,914,2081,87,8494234,4.449487510514348
2024-05-22 09:00:00,1,468,4864,18,7335090,3.578617019659461
2024-05-22 09:30:00,3,259,1149,73,4007689,2.723373893601853
2024-05-22 10:00:00,4,554,2705,20,8858553,3.470357460071273
2024-05-22 10:30:00,2,919,2705,99,7533920,2.245188148485177
2024-05-22 11:00:00,4,197,2561,19,2250882,2.044348823652473
2024-05-22 11:30:00,6,275,1099,94,8692317,3.1764063978491754
2024-05-22 12:00:00,4,367,2316,14,3974728,3.7113403372310527
2024-05-22 12:30:00,7,971,1149,69,5465748,4.693555104577227
2024-05-22 13:00:00,5,418,1945,49,6724416,4.199073181885036
2024-05-22 13:30:00,7,748,1964,90,4944174,4.807393281146012
2024-05-22 14:00:00,7,290,4700,92,6158209,0.6678420044877674
2024-05-22 14:30:00,8,231,988,88,6023129,4.948419982650485
2024-05-22 15:00:00,8,207,1704,97,6363084,1.081478754683864
2024-05-22 15:30:00,8,922,4438,62,1870972,0.49642922349402474
2024-05-22 16:00:00,9,843,981,58,4990201,3.318371463960167
2024-05-22 16:30:00,10,269,955,40,9296944,3.4000877103224165
2024-05-22 17:00:00,10,410,2048,13,7057366,4.871729065975287
2024-05-22 17:30:00,10,381,2978,20,2375965,3.878016060284735
2024-05-22 18:00:00,10,977,785,42,9665674,2.0240258234970647
2024-05-22 18:30:00,9,490,1572,31,6456952,3.040516525443298
2024-05-22 19:00:00,10,171,746,51,1327415,3.086326301529619
2024-05-22 19:30:00,10,844,4375,28,5702496,3.8505518036272366
2024-05-22 20:00:00,9,449,2582,61,3246436,2.947380384775894
2024-05-22 20:30:00,9,866,4272,86,3329033,1.9935593311424458
2024-05-22 21:00:00,9,650,4213,73,4501171,3.4391446968831474
2024-05-22 21:30:00,9,363,3205,62,9938985,1.2764973777508128
2024-05-22 22:00:00,7,470,4767,76,8504094,1.8128010876038467
2024-05-22 22:30:00,7,316,2276,99,1286891,0.450992501817032
2024-05-22 23:00:00,7,897,2987,61,2206556,4.099527823481654
2024-05-22 23:30:00,6,407,2557,51,7639710,0.4478955520886704
2024-05-23 00:00:00,5,796,2987,27,2256897,1.5641043898027043
2024-05-23 00:30:00,4,399,1521,24,4281662,4.635601270952832
2024-05-23 01:00:00,5,916,1315,69,1155803,2.8411074545522763
2024-05-23 01:30:00,5,818,1224,70,2292010,1.1676116061685102
2024-05-23 02:00:00,3,974,2636,23,2244423,4.965147110769812
2024-05-23 02:30:00,2,526,2350,32,4970539,4.415574462596218
2024-05-23 03:00:00,2,820,4552,71,5252520,0.43408333609427807
2024-05-23 03:30:00,0,339,3785,98,2477369,1.228396805437696
2024-05-23 04:00:00,0,229,1304,40,2583350,3.247076907225463
2024-05-23 04:30:00,0,462,4622,20,1535776,1.0741354693145124
2024-05-23 05:00:00,0,665,3574,13,7057705,2.732171873556572
2024-05-23 05:30:00,0,548,4334,41,4826023,0.9127177275302778
2024-05-23 06:00:00,0,855,1290,42,1643509,3.3962569934661153
2024-05-23 06:30:00,0,483,2082,23,7581073,2.7030569732641165
2024-05-23 07:00:00,0,156,2566,59,2978065,4.850217993640976
2024-05-23 07:30:00,0,243,3606,49,7287916,0.7556850599936908
2024-05-23 08:00:00,0,436,3767,10,1490296,2.7005341208747966
2024-05-23 08:30:00,1,300,4596,34,3546309,1.6274470592109875
2024-05-23 09:00:00,1,461,2596,94,6050599,3.102174938286816
2024-05-23 09:30:00,2,760,1226,53,2804436,1.0959521484020138
2024-05-23 10:00:00,4,801,511,97,6076865,4.634423055621147
2024-05-23 10:30:00,3,291,3172,83,8309895,2.2458169040372638
2024-05-23 11:00:00,4,922,1986,51,4346325,2.215679766201053
2024-05-23 11:30:00,4,527,3560,41,7532649,3.952992711468966
2024-05-23 12:00:00,5,509,1278,50,9206505,4.546839521584295
2024-05-23 12:30:00,5,228,2913,18,8894535,2.52047143414987
2024-05-23 13:00:00,6,223,4849,59,6812151,3.8793172187359493
2024-05-23 13:30:00,7,405,4860,46,9273992,0.8053107211134076
2024-05-23 14:00:00,6,523,4572,91,2330033,1.3368046452667968
2024-05-23 14:30:00,9,486,3552,11,3788309,3.4956525371319516
2024-05-23 15:00:00,10,298,2383,68,5427414,4.641060833342694
2024-05-23 15:30:00,8,999,3300,39,9828449,0.6743228474577886
2024-05-23 16:00:00,9,898,745,90,7477990,0.7584972490584871
2024-05-23 16:30:00,9,881,2823,94,2194869,4.8786134620940205
2024-05-23 17:00:00,10,888,2968,18,7219038,0.547058160071455
2024-05-23 17:30:00,9,984,1136,46,5166953,0.31018989669167896
2024-05-23 18:00:00,10,431,1158,69,8584108,2.7055962436693655
2024-05-23 18:30:00,9,367,1317,25,9032219,1.1996154726583255
2024-05-23 19:00:00,10,745,1490,23,6994235,1.558370181648707
2024-05-23 19:30:00,8,980,2817,35,3108684,3.1276790975677033
2024-05-23 20:00:00,10,756,2987,90,8375359,1.8211075396652072
2024-05-23 20:30:00,8,561,604,60,5749282,4.978705651845986
2024-05-23 21:00:00,9,290,1505,21,3461033,1.2182830543711227
2024-05-23 21:30:00,8,492,3633,56,9483440,4.3398494852635086
2024-05-23 22:00:00,7,127,4950,12,4242337,4.3885915695583355
2024-05-23 22:30:00,6,464,3258,43,4923643,2.244173355192295
2024-05-23 23:00:00,7,858,4108,51,8792603,4.986947920857504
2024-05-23 23:30:00,5,654,4177,11,9307254,1.4857214695468703
2024-05-24 00:00:00,5,744,3126,36,1562902,0.546212312429024
2024-05-24 00:30:00,4,845,703,82,9387562,2.879255375092079
2024-05-24 01:00:00,3,499,4764,93,6474368,0.13661169577164586
2024-05-24 01:30:00,4,484,2245,37,2632591,2.423402398951865
2024-05-24 02:00:00,3,267,3059,32,8743380,4.200338577680065
2024-05-24 02:30:00,2,649,1277,99,3335531,2.1565646715478137
2024-05-24 03:00:00,0,618,4959,98,3485948,1.0995626082655217
2024-05-24 03:30:00,3,855,3854,94,6864813,1.3527121977828
2024-05-24 04:00:00,0,705,1288,46,7994196,4.577660314104122
2024-05-24 04:30:00,0,926,1846,34,1917216,3.344842250237622
2024-05-24 05:00:00,3,979,1576,40,8113330,0.8904281447476216
2024-05-24 05:30:00,0,688,1971,22,9791495,2.3696479576725347
2024-05-24 06:00:00,0,164,1896,62,6260226,3.1115095873925323
2024-05-24 06:30:00,0,150,3091,66,3104633,2.5751880127508286
2024-05-24 07:00:00,1,277,3371,78,1865198,3.9469354683944617
2024-05-24 07:30:00,1,512,1148,75,9241862,0.1308330183460617
2024-05-24 08:00:00,0,549,1056,79,9390634,1.4772153146205569
2024-05-24 08:30:00,3,720,2774,54,7596813,2.9154944891873953
2024-05-24 09:00:00,1,852,2496,95,6456058,2.740608793473513
2024-05-24 09:30:00,1,150,4323,34,8727206,0.6099929650258266
2024-05-24 10:00:00,3,491,788,18,8777789,0.9585589396252633
2024-05-24 10:30:00,4,894,1972,40,1565605,3.78949774301148
2024-05-24 11:00:00,3,780,4579,42,1975405,2.7204488766107393
2024-05-24 11:30:00,3,417,4713,95,3953853,3.2358401177744445
2024-05-24 12:00:00,6,788,4332,77,2876036,4.102085882349754
2024-05-24 12:30:00,4,594,4927,67,6974134,2.9607507409888414
2024-05-24 13:00:00,5,250,2087,94,7848257,1.638352141284168
2024-05-24 13:30:00,8,882,1972,91,4708083,2.6639264388375516
2024-05-24 14:00:00,7,419,2402,27,4985069,0.7389193077194057
2024-05-24 14:30:00,8,579,1432,85,8909670,1.4331784392474387
2024-05-24 15:00:00,9,953,4102,28,3759152,3.3101389721436933
2024-05-24 15:30:00,9,664,1221,45,7570490,0.3014439055948499
2024-05-24 16:00:00,8,491,2430,68,4001068,0.1041695770477992
2024-05-24 16:30:00,10,136,2645,95,5554827,4.44665487533161
2024-05-24 17:00:00,10,564,3658,53,2989099,4.825211194790545
2024-05-24 17:30:00,10,810,4821,73,4129368,4.537502046402538
2024-05-24 18:00:00,10,334,2914,83,1563147,1.1557616613279031
2024-05-24 18:30:00,10,504,2199,37,7991333,3.7978232375780543
2024-05-24 19:00:00,10,650,2120,97,6224119,2.336693203102728
2024-05-24 19:30:00,9,488,814,73,1199770,0.44762495179091466
2024-05-24 20:00:00,10,244,4003,61,5374937,3.9954321110059734
2024-05-24 20:30:00,10,838,3036,69,7737677,4.0600563077437775
2024-05-24 21:00:00,10,211,3675,46,5208847,3.6376897851112253
2024-05-24 21:30:00,8,284,3580,58,4667258,4.983098674625698
2024-05-24 22:00:00,8,351,2669,21,9727741,4.961373961268007
2024-05-24 22:30:00,6,979,3676,82,6545858,0.9791599719923268
2024-05-24 23:00:00,6,882,595,43,1088007,3.9975210722915056
2024-05-24 23:30:00,5,843,2510,57,8079779,3.333138078155572
2024-05-25 00:00:00,6,227,1062,24,7499915,3.659692889748226
2024-05-25 00:30:00,8,115,1753,41,7220196,4.955412459566884
2024-05-25 01:00:00,5,572,2987,97,5510366,4.199434326276729
2024-05-25 01:30:00,4,754,2490,73,9055942,2.018434735430761
2024-05-25 02:00:00,4,858,1447,53,1160735,4.693581540124837
2024-05-25 02:30:00,4,360,793,31,9791932,4.388310833091681
2024-05-25 03:00:00,3,696,3199,12,4394026,3.5605445280409387
2024-05-25 03:30:00,4,205,3907,36,9528769,4.6911007314403586
2024-05-25 04:00:00,1,844,632,19,2473065,2.365107151466879
2024-05-25 04:30:00,1,664,4838,11,8139969,3.594955536394499
2024-05-25 05:00:00,1,815,2437,66,9461222,0.12002774414342496
2024-05-25 05:30:00,1,352,992,77,5857168,2.886047301274721
2024-05-25 06:00:00,1,921,3498,91,3614156,3.6460764239043093
2024-05-25 06:30:00,0,577,3950,11,4349568,1.976758224243789
2024-05-25 07:00:00,0,935,4160,40,7172886,4.352799543447666
2024-05-25 07:30:00,1,344,2292,44,7680528,2.476832255792516
2024-05-25 08:00:00,2,912,4436,57,1082715,1.4845016436109404
2024-05-25 08:30:00,1,318,2490,58,4868789,2.7922806267613463
2024-05-25 09:00:00,3,480,2908,20,8960482,4.537027261623948
2024-05-25 09:30:00,3,319,1607,16,4965080,3.4439994413134536
2024-05-25 10:00:00,5,870,2647,15,5016354,4.755388816006827
2024-05-25 10:30:00,4,288,3038,52,9418815,2.2933344519140433
2024-05-25 11:00:00,8,166,1227,80,2941790,3.3265495109622947
2024-05-25 11:30:00,5,609,1736,48,2545029,3.1791287409381286
2024-05-25 12:00:00,7,635,928,15,8987519,1.271703559161708
2024-05-25 12:30:00,9,849,3900,70,1489979,3.748419955306357
2024-05-25 13:00:00,10,128,1994,40,9362712,0.43315924923789917
2024-05-25 13:30:00,10,349,806,69,8692749,2.9181084753487103
2024-05-25 14:00:00,10,921,3561,18,4839525,0.972273296025446
2024-05-25 14:30:00,10,979,2035,73,2143250,1.0228834410340983
2024-05-25 15:00:00,10,677,3854,91,6872915,4.901174565414238
2024-05-25 15:30:00,10,168,1599,96,2366712,1.9841512786557103
2024-05-25 16:00:00,10,136,2496,13,6530145,2.6460960387548558
2024-05-25 16:30:00,10,949,3344,25,9133043,3.3590575530015716
2024-05-25 17:00:00,10,124,4468,16,8125485,2.5416255073302834
2024-05-25 17:30:00,10,829,4921,32,3699393,3.6567945514513216
2024-05-25 18:00:00,10,975,4362,20,2565772,0.22754810090716512
2024-05-25 18:30:00,10,432,1263,38,8322688,3.415837578192048
2024-05-25 19:00:00,10,390,3889,17,2530172,1.689528137844358
2024-05-25 19:30:00,10,441,1102,93,3618923,4.40888407511709
2024-05-25 20:00:00,10,924,2098,12,7554846,0.8026988091208274
2024-05-25 20:30:00,10,675,3938,81,9266856,0.2501529736169751
2024-05-25 21:00:00,10,392,3453,86,8778070,0.3986603629772302
2024-05-25 21:30:00,10,975,4814,61,8670850,2.6587073040864753
2024-05-25 22:00:00,10,525,3635,29,5976089,1.154718489080986
2024-05-25 22:30:00,10,362,3919,40,6596796,3.7905707018716783
2024-05-25 23:00:00,9,387,3294,37,5247508,0.37207740121611244
2024-05-25 23:30:00,10,606,4800,25,9604238,1.2506616010291793
2024-05-26 00:00:00,7,726,1811,57,9694661,4.168183944715459
2024-05-26 00:30:00,7,339,3809,33,2445935,0.32364167874470096
2024-05-26 01:00:00,5,618,4047,68,1111488,3.9593028025115635
2024-05-26 01:30:00,5,278,4526,93,8406127,0.6476487903183551
2024-05-26 02:00:00,5,884,2120,18,5251758,4.22951914668952
2024-05-26 02:30:00,3,898,2489,23,8258134,3.941806672172641
2024-05-26 03:00:00,3,896,641,48,9453148,1.1719034767356953
2024-05-26 03:30:00,2,227,3888,48,5480422,2.0696650319794143
2024-05-26 04:00:00,0,559,4188,12,7800218,2.34422234590173
2024-05-26 04:30:00,1,260,801,52,8126651,2.0295049433367094
2024-05-26 05:00:00,1,970,3447,61,9717708,1.1340549489454717
2024-05-26 05:30:00,0,573,2996,78,1632425,1.208173563505882
2024-05-26 06:00:00,0,650,3266,48,1612148,3.484409742756193
2024-05-26 06:30:00,0,385,1768,79,9180437,0.842629913704209
2024-05-26 07:00:00,0,358,4354,69,1639772,1.4817342980757169
2024-05-26 07:30:00,0,695,771,73,2378695,0.40882654067765967
2024-05-26 08:00:00,2,432,4084,63,9729990,1.168730845591999
2024-05-26 08:30:00,2,164,2267,72,7138444,0.2852618965765745
2024-05-26 09:00:00,2,525,1211,43,3428041,3.5218597955983943
2024-05-26 09:30:00,3,250,3909,98,3825574,2.0817025182248807
2024-05-26 10:00:00,4,629,4372,95,8196196,1.950574607224015
2024-05-26 10:30:00,5,782,3089,54,3813814,2.4796273568031846
2024-05-26 11:00:00,6,104,4499,24,5019359,1.380343611430538
2024-05-26 11:30:00,5,232,2239,78,8508265,1.865634602276887
2024-05-26 12:00:00,7,502,3987,91,8972496,2.9957317918929265
2024-05-26 12:30:00,9,809,602,89,1086491,1.2001669458161992
2024-05-26 13:00:00,8,114,2280,35,7670796,2.3636429411756836
2024-05-26 13:30:00,10,110,4103,73,5511791,2.9171209912681584
2024-05-26 14:00:00,10,406,3897,46,9648947,0.7766605862979743
2024-05-26 14:30:00,10,823,2740,22,9335974,1.6041526923641007
2024-05-26 15:00:00,10,902,3957,48,8318257,2.805840156986912
2024-05-26 15:30:00,10,103,4390,69,8061655,2.0661730941188123
2024-05-26 16:00:00,10,108,4265,40,6333274,3.608373560964018
2024-05-26 16:30:00,10,694,3118,93,4461631,1.2334767598148084
2024-05-26 17:00:00,10,680,4546,93,7272117,2.406546183446176
2024-05-26 17:30:00,10,747,4456,41,8322743,4.123125745240267
2024-05-26 18:00:00,10,462,4269,85,7794612,0.7995696517987964
2024-05-26 18:30:00,10,449,2182,17,6224836,4.4851467768308595
2024-05-26 19:00:00,10,135,3741,79,2062855,2.2915048366366606
2024-05-26 19:30:00,10,819,2298,87,5769948,2.4512174419341135
2024-05-26 20:00:00,10,146,671,72,4176887,3.215951190554496
2024-05-26 20:30:00,10,273,2277,56,8890238,2.75498449948941
2024-05-26 21:00:00,10,551,4713,42,5094190,4.133925652417677
2024-05-26 21:30:00,10,670,2119,42,5063558,1.0145364717402594
2024-05-26 22:00:00,10,743,758,38,7370869,0.7365327065168045
2024-05-26 22:30:00,10,298,528,22,7162831,1.3910748792312344
2024-05-26 23:00:00,9,166,3610,84,2249010,4.989285433470132
2024-05-26 23:30:00,9,764,1772,65,6265644,0.5844356395397493
2024-05-27 00:00:00,5,795,3359,83,6062363,2.6992138657438947
2024-05-27 00:30:00,4,543,4456,59,3099091,3.8895656028537795
2024-05-27 01:00:00,4,775,2561,29,8004608,4.179721151392747
2024-05-27 01:30:00,4,359,2407,96,5391754,4.791380995679206
2024-05-27 02:00:00,3,683,3403,33,3464238,4.976317812395693
2024-05-27 02:30:00,3,934,3393,40,4023528,2.80605517267
2024-05-27 03:00:00,2,610,1895,70,2736585,1.2798555208124551
2024-05-27 03:30:00,0,468,2322,62,9102199,2.647492573311841
2024-05-27 04:00:00,2,683,564,23,2940124,3.7065576947966083
2024-05-27 04:30:00,1,110,1138,41,8729233,2.435671742629355
2024-05-27 05:00:00,1,209,4435,68,3167670,1.4343199675535028
2024-05-27 05:30:00,1,291,2940,26,1406763,4.128255822206917
2024-05-27 06:00:00,1,479,3895,28,9172312,4.1626629530756345
2024-05-27 06:30:00,0,212,2056,11,2094383,2.7981746674604726
2024-05-27 07:00:00,1,477,4920,25,9733141,3.04764401458066
2024-05-27 07:30:00,0,105,855,42,3896397,2.616317419446618
2024-05-27 08:00:00,1,600,1648,88,7766549,3.9324729142487023
2024-05-27 08:30:00,0,396,1763,83,9110555,4.446683168169148
2024-05-27 09:00:00,1,536,2586,16,3626490,0.10985841031078197
2024-05-27 09:30:00,1,549,4927,77,1462343,4.870772281791331
2024-05-27 10:00:00,2,896,2231,80,7011535,1.7861916111672833
2024-05-27 10:30:00,4,489,1893,89,2682816,2.0557239741937425
2024-05-27 11:00:00,7,332,990,95,9125871,1.9016476821642443
2024-05-27 11:30:00,5,686,3764,61,1929915,4.237380578311548
2024-05-27 12:00:00,4,747,1530,84,4246822,3.7102839308084654
2024-05-27 12:30:00,7,897,2546,68,9233201,0.9766633737144231
2024-05-27 13:00:00,6,968,785,87,9236887,2.099658423213909
2024-05-27 13:30:00,6,438,2889,36,8571271,0.11336098465389023
2024-05-27 14:00:00,8,147,2344,36,9001134,4.0352552740586765
2024-05-27 14:30:00,7,544,1719,78,1121668,1.2577743334751894
2024-05-27 15:00:00,9,419,3410,69,6407263,0.5067817824377698
2024-05-27 15:30:00,9,735,930,39,1713829,3.337767946554188
2024-05-27 16:00:00,9,550,1867,58,2718288,1.1735684702406959
2024-05-27 16:30:00,10,397,4620,71,8548063,2.790137650031104
2024-05-27 17:00:00,10,641,3807,70,4880062,0.889904030923994
2024-05-27 17:30:00,10,196,4993,25,9267891,3.971530928546522
2024-05-27 18:00:00,10,661,1766,50,5729879,4.9116702735838205
2024-05-27 18:30:00,10,800,3946,42,7763229,0.6267110851157882
2024-05-27 19:00:00,9,920,2021,55,2123607,4.222921793274502
2024-05-27 19:30:00,8,637,3389,24,4924812,2.4999688051808198
2024-05-27 20:00:00,9,648,3936,78,8502565,0.35191323995845314
2024-05-27 20:30:00,8,759,3567,99,5998119,2.654407215705117
2024-05-27 21:00:00,9,964,2925,22,4250610,2.461422304194769
2024-05-27 21:30:00,9,345,2632,54,8358732,4.467923714362448
2024-05-27 22:00:00,8,703,953,69,2714489,1.7679197572985361
2024-05-27 22:30:00,6,254,4346,52,1854720,3.8117116162252045
2024-05-27 23:00:00,5,668,1248,73,7961502,0.748299449218986
2024-05-27 23:30:00,6,412,4667,62,2362449,2.003665937533657
2024-05-28 00:00:00,5,896,2926,23,6101554,2.7428582984949648
2024-05-28 00:30:00,4,566,3322,62,9479799,0.9894592959438898
2024-05-28 01:00:00,4,361,4025,60,5324636,1.069073145942871
2024-05-28 01:30:00,2,697,1432,60,3890928,1.3021703204064259
2024-05-28 02:00:00,2,390,1169,79,5129922,3.7397025884477
2024-05-28 02:30:00,1,997,4699,97,9847139,4.723105438965914
2024-05-28 03:00:00,0,705,4103,64,8500700,0.7230609447934135
2024-05-28 03:30:00,0,849,1930,95,2057321,2.7849057068714513
2024-05-28 04:00:00,1,370,4140,93,6997954,0.8208084969119812
2024-05-28 04:30:00,0,334,4689,98,8538760,0.36585359794118677
2024-05-28 05:00:00,0,642,4808,57,2620944,0.2933396544930985
2024-05-28 05:30:00,0,538,2698,97,9878740,2.201641767432927
2024-05-28 06:00:00,0,895,1993,55,8008699,2.1840815205358446
2024-05-28 06:30:00,0,491,3116,72,7679565,3.3545429415386963
2024-05-28 07:00:00,2,449,2096,20,9428469,2.010665623848293
2024-05-28 07:30:00,0,776,1523,95,6912762,1.2256104561519605
2024-05-28 08:00:00,1,266,3119,64,1408044,0.5718861969510918
2024-05-28 08:30:00,1,192,513,16,3582576,2.8986730231630866
2024-05-28 09:00:00,2,725,1941,35,7717605,1.1649587979940614
2024-05-28 09:30:00,3,697,2158,15,2831533,1.9480375293366554
2024-05-28 10:00:00,1,315,3214,65,4542907,0.18589865846784376
2024-05-28 10:30:00,3,521,2625,57,1485030,1.320306088132732
2024-05-28 11:00:00,5,881,4078,37,9220804,3.289913770438858
2024-05-28 11:30:00,4,209,3147,99,9627124,0.7033752898685585
2024-05-28 12:00:00,4,780,2761,43,8502511,3.3406413825761625
2024-05-28 12:30:00,5,534,2127,26,8007002,4.316062083133689
2024-05-28 13:00:00,7,589,4065,26,9019655,4.359907742013544
2024-05-28 13:30:00,7,410,1067,89,2030387,0.8712396607014933
2024-05-28 14:00:00,9,226,3056,44,6191705,2.38992999685422
2024-05-28 14:30:00,9,549,2633,69,3744340,4.4833619194280505
2024-05-28 15:00:00,8,940,3034,79,6368829,3.6766383815265113
2024-05-28 15:30:00,10,158,3771,82,9696991,4.345293254553617
2024-05-28 16:00:00,10,203,3457,26,8413102,1.9957757604010486
2024-05-28 16:30:00,8,976,3257,61,4050231,2.545162055284674
2024-05-28 17:00:00,10,173,1930,15,1819382,4.48605885913438
2024-05-28 17:30:00,10,661,4614,10,2411202,2.2021671831431777
2024-05-28 18:00:00,10,373,3721,93,6672580,3.3838217491250258
2024-05-28 18:30:00,10,405,2310,33,8253532,2.1804947828413086
2024-05-28 19:00:00,10,189,1111,40,8915789,3.5692317534958544
2024-05-28 19:30:00,9,571,4595,48,4293209,3.104801597127766
2024-05-28 20:00:00,10,349,4412,50,4230557,2.2638571166184285
2024-05-28 20:30:00,10,215,3248,91,1077334,2.7902077903464964
2024-05-28 21:00:00,8,814,4695,25,4807607,3.030929579314844
2024-05-28 21:30:00,7,958,3453,84,5669307,4.40738519276348
2024-05-28 22:00:00,8,369,2579,28,3140659,3.4166688248548795
2024-05-28 22:30:00,7,387,3808,37,8030417,3.597396918571403
2024-05-28 23:00:00,7,224,1573,61,3935772,4.85264030039523
2024-05-28 23:30:00,6,633,3891,52,5068664,0.43154260914688203
2024-05-29 00:00:00,5,965,3444,88,9140116,1.019306460747906
2024-05-29 00:30:00,2,593,1392,57,6921952,1.6587992361068287
2024-05-29 01:00:00,3,357,2346,91,1019608,4.735729983919727
2024-05-29 01:30:00,3,580,4552,51,4262542,1.2199196262257932
2024-05-29 02:00:00,3,271,3354,13,6565454,2.868963406614129
2024-05-29 02:30:00,2,795,3605,35,2441773,0.677029539309846
2024-05-29 03:00:00,1,938,4978,98,5745124,1.4262692983529632
2024-05-29 03:30:00,1,390,1038,97,4278637,1.4529376020929687
2024-05-29 04:00:00,1,658,2338,89,3291929,3.5714846883424167
2024-05-29 04:30:00,0,446,2566,31,2417073,0.6332625014898553
2024-05-29 05:00:00,2,586,3276,70,1480689,3.8092240209363104
2024-05-29 05:30:00,0,757,844,39,3509065,1.5873763105581036
2024-05-29 06:00:00,0,980,1744,32,7319923,3.694005068425635
2024-05-29 06:30:00,0,368,998,34,8147582,1.8961494655298332
2024-05-29 07:00:00,2,664,3101,77,8578634,2.1893651877323306
2024-05-29 07:30:00,0,915,2294,19,9042575,0.7165707235285809
2024-05-29 08:00:00,1,472,4894,48,2245160,0.6235253568891961
2024-05-29 08:30:00,1,980,3822,74,7480295,2.7550250182016214
2024-05-29 09:00:00,1,765,4241,89,7682372,3.221643751844197
2024-05-29 09:30:00,2,932,2245,24,1172799,0.5514402846063734
2024-05-29 10:00:00,4,416,3405,79,7567114,0.7832179945631477
2024-05-29 10:30:00,3,258,578,91,7627193,0.25896948001499076
2024-05-29 11:00:00,4,333,4682,68,9546109,0.8958026195230813
2024-05-29 11:30:00,3,851,966,77,5014564,1.1906298522817742
2024-05-29 12:00:00,5,200,4991,93,5141330,3.4844451677198545
2024-05-29 12:30:00,6,714,780,92,9873324,0.41955177136146615
2024-05-29 13:00:00,7,960,2783,59,8854597,3.4682918947699175
2024-05-29 13:30:00,8,590,2589,11,4498997,2.0865995209431145
2024-05-29 14:00:00,8,827,1712,17,5566096,0.8004732442866845
2024-05-29 14:30:00,8,691,2211,18,4979049,4.913412949079744
2024-05-29 15:00:00,10,522,1920,41,9458204,2.5709182082064364
2024-05-29 15:30:00,7,458,2176,24,1551151,1.5415029598958288
2024-05-29 16:00:00,9,916,4897,88,9382777,0.3719753400499768
2024-05-29 16:30:00,10,363,1049,30,2648064,1.6401760560570184
2024-05-29 17:00:00,10,649,2886,28,6973542,3.101035533331207
2024-05-29 17:30:00,10,342,4476,45,9015630,1.3042872682489588
2024-05-29 18:00:00,10,934,3968,54,6255077,2.889283109703567
2024-05-29 18:30:00,10,177,3816,41,4827466,1.4635628193382053
2024-05-29 19:00:00,10,376,3592,75,6778135,0.3178266943360827
2024-05-29 19:30:00,10,914,1773,34,7349959,2.124514683320959
2024-05-29 20:00:00,10,577,3567,48,7827096,1.8474394097799107
2024-05-29 20:30:00,9,388,4073,51,2722128,1.3048617818928703
2024-05-29 21:00:00,9,920,946,66,8498098,2.691961974640923
2024-05-29 21:30:00,7,539,3915,85,1363218,2.009151839178802
2024-05-29 22:00:00,8,503,2006,69,4565067,4.754732792210302
2024-05-29 22:30:00,7,540,980,45,7985817,3.144022704734762
2024-05-29 23:00:00,8,634,2106,85,1227558,1.85495530035065
2024-05-29 23:30:00,6,186,4047,57,4892206,1.1502497978833537
2024-05-30 00:00:00,5,592,4506,59,1752119,3.359106907357398
2024-05-30 00:30:00,5,329,4885,39,1131681,4.608630723826921
2024-05-30 01:00:00,3,672,3925,60,3309141,3.172854242546856
2024-05-30 01:30:00,4,774,1429,20,5220510,4.1640219889546515
2024-05-30 02:00:00,4,673,631,52,8755860,3.452720488380059
2024-05-30 02:30:00,2,138,857,36,6256158,4.741189372091558
2024-05-30 03:00:00,1,825,833,85,1830107,2.095323639929172
2024-05-30 03:30:00,1,788,1347,67,1837346,3.8863537159798223
2024-05-30 04:00:00,0,518,3487,81,7890891,2.595011246736676
2024-05-30 04:30:00,0,805,3602,17,3114850,0.34250818906257896
2024-05-30 05:00:00,0,282,4496,65,7223734,0.164984977242528
2024-05-30 05:30:00,1,977,3197,94,2064827,2.183104978621555
2024-05-30 06:00:00,1,338,4351,27,9654067,3.3338745133974785
2024-05-30 06:30:00,0,245,3725,84,5156489,4.330035433193486
2024-05-30 07:00:00,0,664,2276,80,1864342,0.25985348265723873
2024-05-30 07:30:00,2,390,1776,66,7857027,4.7150360964950915
2024-05-30 08:00:00,0,241,2861,38,9865981,4.43532650874501
2024-05-30 08:30:00,1,117,2032,26,5419416,4.38072430252985
2024-05-30 09:00:00,3,899,1842,71,9799603,3.249081926711117
2024-05-30 09:30:00,3,633,2644,78,3731006,2.3866245054215653
2024-05-30 10:00:00,3,326,1496,79,5851802,4.0395703257722815
2024-05-30 10:30:00,2,721,703,98,2836133,1.110253576152606
2024-05-30 11:00:00,2,741,2199,54,6942900,1.5322287122972233
2024-05-30 11:30:00,5,681,1952,64,6072031,0.9461971697331305
2024-05-30 12:00:00,4,342,2644,42,3613404,4.990110879263569
2024-05-30 12:30:00,4,266,3134,86,3138532,1.041688290445
2024-05-30 13:00:00,8,931,4063,65,5182995,3.5336795012586775
2024-05-30 13:30:00,8,259,4637,75,1084421,2.3641541215638293
2024-05-30 14:00:00,6,960,1203,22,8998383,0.2631468961446309
2024-05-30 14:30:00,7,202,3607,35,9509063,0.4981913295280851
2024-05-30 15:00:00,9,862,2756,74,1573199,4.654198985839177
2024-05-30 15:30:00,8,214,2632,79,7606989,3.748259169165667
2024-05-30 16:00:00,10,340,3809,86,8022680,2.7754479460425046
2024-05-30 16:30:00,10,936,3516,40,2304245,1.1263775323909437
2024-05-30 17:00:00,10,521,3916,50,8164271,0.13114508330914545
2024-05-30 17:30:00,10,679,1202,27,9976851,3.885984594337603
2024-05-30 18:00:00,10,154,1748,38,8182731,1.6302632236714898
2024-05-30 18:30:00,10,121,4211,38,7127330,1.14879884038346
2024-05-30 19:00:00,9,249,3251,21,8955544,0.9443264828959832
2024-05-30 19:30:00,10,413,2249,75,2430165,4.063102285429024
2024-05-30 20:00:00,10,422,4692,10,6022166,3.141101240321227
2024-05-30 20:30:00,10,832,4190,60,6575719,3.242373812498713
2024-05-30 21:00:00,7,915,3577,37,7100651,4.634642571489332
2024-05-30 21:30:00,8,132,1692,66,7732178,4.469815313539278
2024-05-30 22:00:00,8,329,1665,89,3446480,3.434260050800937
2024-05-30 22:30:00,7,773,4623,62,7880261,4.809031993061444
2024-05-30 23:00:00,8,327,2091,26,8921947,1.221908939769966
2024-05-30 23:30:00,5,715,1261,87,7035669,0.19605094200346512
2024-05-31 00:00:00,5,245,3616,35,5491974,4.616363211845982
2024-05-31 00:30:00,5,711,1700,33,5840176,1.3952070811753994
2024-05-31 01:00:00,4,698,867,70,6448423,4.868204539144966
2024-05-31 01:30:00,3,361,1029,81,6507124,1.1977913883854199
2024-05-31 02:00:00,2,749,852,29,6277309,1.4644520174126348
2024-05-31 02:30:00,2,218,2028,75,3268040,4.55630413159769
2024-05-31 03:00:00,3,421,4308,72,7768810,4.082010273060712
2024-05-31 03:30:00,2,801,2303,50,5928244,0.5772170067431542
2024-05-31 04:00:00,0,335,1950,78,2347583,2.9198091177850456
2024-05-31 04:30:00,2,233,3782,25,6881571,0.872982870495141
2024-05-31 05:00:00,0,334,1301,31,2296099,0.45119071884551554
2024-05-31 05:30:00,0,296,3623,29,3019961,3.1006709611427987
2024-05-31 06:00:00,1,747,581,38,3619874,0.4824573497146246
2024-05-31 06:30:00,0,119,541,20,7969828,2.4122854306945993
2024-05-31 07:00:00,0,919,4037,34,8753609,3.1111125301758435
2024-05-31 07:30:00,0,859,4855,35,5222111,4.701603091310303
2024-05-31 08:00:00,3,753,1244,63,7962030,4.614233775569891
2024-05-31 08:30:00,1,111,2386,17,9649861,3.076541526993208
2024-05-31 09:00:00,2,955,3194,30,5930408,2.5632913436415814
2024-05-31 09:30:00,2,458,504,97,6669336,3.2869167930406125
2024-05-31 10:00:00,3,666,1075,72,7312880,4.6323309148719485
2024-05-31 10:30:00,4,281,4583,72,8102669,4.955608057431931
2024-05-31 11:00:00,4,687,2635,88,7021560,0.26214263125614057
2024-05-31 11:30:00,4,396,3342,25,1244780,4.850805234941892
2024-05-31 12:00:00,5,707,1536,14,1502661,4.035611299258064
2024-05-31 12:30:00,4,615,4598,95,8012064,0.4675237150311531
2024-05-31 13:00:00,6,603,4713,11,4350121,4.02082260420367
2024-05-31 13:30:00,7,801,3181,60,9688978,3.346901260683972
2024-05-31 14:00:00,9,230,2269,33,5214299,4.538115912652147
2024-05-31 14:30:00,9,358,4212,74,2347704,2.343206680195996
2024-05-31 15:00:00,8,381,1841,24,9540630,2.566358468592696
2024-05-31 15:30:00,8,914,4185,87,4717618,4.202835228852417
2024-05-31 16:00:00,7,489,2950,47,8493239,2.470560193144507
2024-05-31 16:30:00,10,116,3215,62,1614254,2.6792027167635784
2024-05-31 17:00:00,9,214,4861,86,1141076,1.2973585070801643
2024-05-31 17:30:00,10,236,4462,12,9934379,1.7190703091142387
2024-05-31 18:00:00,10,821,1280,88,3868635,1.5094770393761656
2024-05-31 18:30:00,9,220,4323,27,3821104,0.32374976754665497
2024-05-31 19:00:00,9,470,3802,54,4367395,2.9568655698251547
2024-05-31 19:30:00,10,704,2021,81,4051739,4.228992368827962
2024-05-31 20:00:00,10,690,602,37,2488310,3.8745320021410308
2024-05-31 20:30:00,9,540,4665,33,3994405,1.3082696338722795
2024-05-31 21:00:00,7,618,4938,75,8448485,2.9729174761815225
2024-05-31 21:30:00,10,689,562,81,4332001,2.5031102159612466
2024-05-31 22:00:00,6,668,3584,67,4321331,4.101114222413786
2024-05-31 22:30:00,9,871,559,85,3292067,1.8320516232117106
2024-05-31 23:00:00,4,592,4958,67,4295588,0.27932506025173975
2024-05-31 23:30:00,7,415,4305,20,7147574,4.44765147889924
2024-06-01 00:00:00,9,714,2000,18,6786359,3.384374097602287
2024-06-01 00:30:00,6,467,4540,24,4853325,0.9911064554297122
2024-06-01 01:00:00,6,104,1926,36,9346420,1.1079503734301588
2024-06-01 01:30:00,5,100,1313,61,3655533,2.0511792892962095
2024-06-01 02:00:00,3,815,699,51,7762072,2.434302345806681
2024-06-01 02:30:00,1,234,1084,90,7859045,1.7184706918282544
2024-06-01 03:00:00,1,983,2122,51,5869845,2.626785212338201
2024-06-01 03:30:00,2,760,4446,55,6119530,4.4730062259667
2024-06-01 04:00:00,1,604,4675,36,2258183,3.186807466650164
2024-06-01 04:30:00,0,810,2419,79,6084008,1.9106928355000474
2024-06-01 05:00:00,1,932,2824,87,8096258,4.316171092938171
2024-06-01 05:30:00,1,423,2084,19,4466926,3.5090429497783866
2024-06-01 06:00:00,0,223,1993,31,1317361,3.009246856560632
2024-06-01 06:30:00,0,169,2123,12,1424287,2.6309390112848177
2024-06-01 07:00:00,1,467,2687,42,5308518,0.5304015441561915
2024-06-01 07:30:00,0,161,2700,78,8105583,3.0053821741278623
2024-06-01 08:00:00,1,395,2947,50,6758838,2.051470462222326
2024-06-01 08:30:00,3,415,2189,16,9508213,2.796612316725707
2024-06-01 09:00:00,3,308,2419,75,3019020,0.7079186021887746
2024-06-01 09:30:00,2,573,3082,63,6835669,3.952270026090625
2024-06-01 10:00:00,4,605,810,62,6957916,2.60858462751927
2024-06-01 10:30:00,4,383,2688,72,9946189,4.171559731689238
2024-06-01 11:00:00,7,303,4915,73,9062608,1.113380072137847
2024-06-01 11:30:00,6,389,1442,86,7732316,4.696612388681486
2024-06-01 12:00:00,8,381,4949,68,2991077,2.9331049974011747
2024-06-01 12:30:00,9,792,1314,55,7084837,0.4708599578697167
2024-06-01 13:00:00,10,788,1634,96,4552558,1.6372165856042822
2024-06-01 13:30:00,8,518,3308,86,2856197,4.9151560469281685
2024-06-01 14:00:00,10,728,1791,26,3645847,3.1053371849938456
2024-06-01 14:30:00,10,652,4745,77,3528349,2.15676055378843
2024-06-01 15:00:00,10,802,4677,96,7971991,4.586887935213919
2024-06-01 15:30:00,10,214,2010,34,8319964,1.8702946294639415
2024-06-01 16:00:00,10,399,2349,15,1602109,3.7610142268570605
2024-06-01 16:30:00,10,731,4986,94,3037026,0.8166988982307942
2024-06-01 17:00:00,10,138,3455,20,6408296,3.5160825095540065
2024-06-01 17:30:00,10,247,4785,70,7559275,2.5080547605910413
2024-06-01 18:00:00,10,910,868,99,8829421,2.180683283338799
2024-06-01 18:30:00,10,582,4033,36,4872410,1.2348849857532131
2024-06-01 19:00:00,10,842,2402,35,7932368,4.938533672088667
2024-06-01 19:30:00,10,249,4231,35,4732099,0.7057348247375345
2024-06-01 20:00:00,10,446,749,79,7890016,1.0971103083697265
2024-06-01 20:30:00,10,519,1531,37,1673315,1.9493154995819983
2024-06-01 21:00:00,10,743,1837,74,9004213,0.7424898332619119
2024-06-01 21:30:00,10,992,1156,43,2971573,4.683089923595617
2024-06-01 22:00:00,10,491,2716,12,3816471,4.560868814555054
2024-06-01 22:30:00,10,360,4786,83,1224355,2.247144623562139
2024-06-01 23:00:00,9,616,2046,88,4422659,2.512763407331528
2024-06-01 23:30:00,7,153,797,71,7239936,0.4042439276775087
2024-06-02 00:00:00,7,493,3473,49,1238001,4.212927044219837
2024-06-02 00:30:00,6,773,3646,33,5864439,3.924388936066678
2024-06-02 01:00:00,5,814,1854,62,6065768,2.0271158314698186
2024-06-02 01:30:00,5,852,4165,79,5364922,2.4377275957801077
2024-06-02 02:00:00,3,945,2456,44,4592903,3.330872804142195
2024-06-02 02:30:00,3,505,3633,12,3654860,2.381337280386208
2024-06-02 03:00:00,4,192,1349,88,6096072,1.4386329308462749
2024-06-02 03:30:00,2,123,2405,37,1049113,1.5576786710345807
2024-06-02 04:00:00,2,212,969,37,4960795,2.634833739300218
2024-06-02 04:30:00,1,489,1423,74,2119512,4.973202050821267
2024-06-02 05:00:00,1,102,2467,95,4204434,2.5006358258392636
2024-06-02 05:30:00,0,356,1706,27,1212793,0.3734073577375546
2024-06-02 06:00:00,0,877,4028,82,1790815,4.699607539729341
2024-06-02 06:30:00,0,939,4565,18,2269857,1.599257390849913
2024-06-02 07:00:00,0,249,2286,55,5481690,0.29514434599714834
2024-06-02 07:30:00,0,564,4029,23,8474190,0.45420023083934113
2024-06-02 08:00:00,0,690,1104,30,3510860,0.9385595601369362
2024-06-02 08:30:00,3,649,1724,31,1674584,3.207366394424635
2024-06-02 09:00:00,1,702,917,97,2113672,1.9031318040394185
2024-06-02 09:30:00,4,176,4207,11,8416951,4.594770201505345
2024-06-02 10:00:00,3,435,4994,48,2825161,3.9870404652949043
2024-06-02 10:30:00,4,823,1845,66,3012340,1.6721005137526175
2024-06-02 11:00:00,6,246,1290,85,4400593,4.931967431304165
2024-06-02 11:30:00,6,590,3553,34,5552547,3.365844111662235
